,Position_X,Position_Y,Position_Z,Velocity_X,Velocity_Y,Velocity_Z,Acceleration_X,Acceleration_Y,Acceleration_Z,Quaterion_0,Quaterion_1,Quaterion_2,Quaterion_3
51,0.0,0.0,0.0,0.0,0.0,0.0,-0.2466,-0.8660,-0.4576,0.5709,-0.8039,0.1614,0.0416
52,0.0,0.0,0.0,0.0,0.0,0.0,-0.2344,-0.8636,-0.4596,0.5712,-0.8034,0.1627,0.0431
53,0.0,0.0,0.0,0.0,0.0,0.0,-0.2305,-0.8611,-0.4600,0.5716,-0.8027,0.1642,0.0440
54,0.0,0.0,0.0,0.0,0.0,0.0,-0.2281,-0.8549,-0.4517,0.5722,-0.8019,0.1656,0.0452
55,0.0,0.0,0.0,0.0,0.0,0.0,-0.2246,-0.8646,-0.4587,0.5719,-0.8019,0.1664,0.0462
56,0.0,0.0,0.0,0.0,0.0,0.0,-0.2261,-0.8714,-0.4515,0.5716,-0.8020,0.1666,0.0478
57,0.0,0.0,0.0,0.0,0.0,0.0,-0.2207,-0.8685,-0.4486,0.5718,-0.8018,0.1668,0.0487
58,0.0,0.0,0.0,0.0,0.0,0.0,-0.2178,-0.8615,-0.4771,0.5699,-0.8031,0.1668,0.0497
59,0.0,0.0,0.0,0.0,0.0,0.0,-0.0963,-0.8191,-0.4625,0.5703,-0.8043,0.1591,0.0506
60,0.0,0.0,0.0,0.0,0.0,0.0,-0.2172,-0.9179,-0.4767,0.5681,-0.8064,0.1572,0.0489
61,0.0,0.0,0.0,0.0,0.0,0.0,-0.2290,-0.8719,-0.4476,0.5680,-0.8064,0.1586,0.0451
62,0.0,0.0,0.0,0.0,0.0,0.0,-0.2583,-0.8956,-0.4508,0.5683,-0.8059,0.1599,0.0442
63,0.0,0.0,0.0,0.0,0.0,0.0,-0.2323,-0.9019,-0.4676,0.5689,-0.8052,0.1614,0.0445
64,0.0,0.0,0.0,0.0,0.0,0.0,-0.2178,-0.8698,-0.4724,0.5688,-0.8050,0.1629,0.0447
65,0.0,0.0,0.0,0.0,0.0,0.0,-0.2510,-0.8771,-0.4573,0.5691,-0.8046,0.1640,0.0435
66,0.0,0.0,0.0,0.0,0.0,0.0,-0.2451,-0.8859,-0.4580,0.5696,-0.8043,0.1633,0.0441
67,0.0,0.0,0.0,0.0,0.0,0.0,-0.2353,-0.8889,-0.4488,0.5706,-0.8038,0.1622,0.0448
68,0.0,0.0,0.0,0.0,0.0,0.0,-0.2241,-0.8884,-0.4528,0.5716,-0.8030,0.1623,0.0456
69,0.0,0.0,0.0,0.0,0.0,0.0,-0.2134,-0.8836,-0.4479,0.5725,-0.8023,0.1624,0.0469
70,0.0,0.0,0.0,0.0,0.0,0.0,-0.2027,-0.8788,-0.4440,0.5731,-0.8018,0.1622,0.0483
71,0.0,0.0,0.0,0.0,0.0,0.0,-0.1905,-0.8759,-0.4469,0.5738,-0.8014,0.1616,0.0485
72,0.0,0.0,0.0,0.0,0.0,0.0,-0.1851,-0.8613,-0.4550,0.5742,-0.8014,0.1602,0.0485
73,0.0,0.0,0.0,0.0,0.0,0.0,-0.1802,-0.8724,-0.4527,0.5739,-0.8021,0.1577,0.0491
74,0.0,0.0,0.0,0.0,0.0,0.0,-0.1987,-0.8870,-0.4441,0.5734,-0.8028,0.1561,0.0485
75,0.0,0.0,0.0,0.0,0.0,0.0,-0.2109,-0.8963,-0.4408,0.5734,-0.8029,0.1558,0.0476
76,0.0,0.0,0.0,0.0,0.0,0.0,-0.2212,-0.8992,-0.4360,0.5734,-0.8029,0.1563,0.0471
77,0.0,0.0,0.0,0.0,0.0,0.0,-0.2202,-0.9036,-0.4360,0.5737,-0.8025,0.1571,0.0474
78,0.0,0.0,0.0,0.0,0.0,0.0,-0.2104,-0.9041,-0.4356,0.5743,-0.8019,0.1574,0.0480
79,0.0,0.0,0.0,0.0,0.0,0.0,-0.2119,-0.9040,-0.4366,0.5746,-0.8018,0.1566,0.0489
80,0.0,0.0,0.0,0.0,0.0,0.0,-0.2144,-0.9031,-0.4322,0.5751,-0.8017,0.1555,0.0491
81,0.0,0.0,0.0,0.0,0.0,0.0,-0.2139,-0.8968,-0.4301,0.5758,-0.8013,0.1548,0.0492
82,0.0,0.0,0.0,0.0,0.0,0.0,-0.2071,-0.8914,-0.4354,0.5766,-0.8007,0.1546,0.0501
83,0.0,0.0,0.0,0.0,0.0,0.0,-0.2105,-0.8861,-0.4285,0.5774,-0.7999,0.1554,0.0504
84,0.0,0.0,0.0,0.0,0.0,0.0,-0.2120,-0.8842,-0.4319,0.5780,-0.7993,0.1567,0.0502
85,0.0,0.0,0.0,0.0,0.0,0.0,-0.2100,-0.8783,-0.4347,0.5786,-0.7987,0.1577,0.0501
86,0.0,0.0,0.0,0.0,0.0,0.0,-0.2041,-0.8774,-0.4352,0.5782,-0.7989,0.1574,0.0506
87,0.0,0.0,0.0,0.0,0.0,0.0,-0.2086,-0.8779,-0.4308,0.5779,-0.7993,0.1566,0.0508
88,0.0,0.0,0.0,0.0,0.0,0.0,-0.2149,-0.8798,-0.4318,0.5784,-0.7991,0.1560,0.0506
89,0.0,0.0,0.0,0.0,0.0,0.0,-0.2208,-0.8788,-0.4317,0.5780,-0.7995,0.1557,0.0507
90,0.0,0.0,0.0,0.0,0.0,0.0,-0.2153,-0.8890,-0.4383,0.5773,-0.7999,0.1557,0.0506
91,0.0,0.0,0.0,0.0,0.0,0.0,-0.2227,-0.8708,-0.4637,0.5760,-0.8007,0.1568,0.0503
92,0.0,0.0,0.0,0.0,0.0,0.0,-0.1549,-0.8376,-0.4391,0.5748,-0.8019,0.1545,0.0521
93,0.0,0.0,0.0,0.0,0.0,0.0,-0.1454,-0.9360,-0.4652,0.5719,-0.8051,0.1483,0.0523
94,0.0,0.0,0.0,0.0,0.0,0.0,-0.2368,-0.8893,-0.4542,0.5710,-0.8057,0.1499,0.0485
95,0.0,0.0,0.0,0.0,0.0,0.0,-0.2515,-0.8798,-0.4243,0.5716,-0.8051,0.1513,0.0460
96,0.0,0.0,0.0,0.0,0.0,0.0,-0.2377,-0.9102,-0.4526,0.5718,-0.8047,0.1528,0.0464
97,0.0,0.0,0.0,0.0,0.0,0.0,-0.2060,-0.9029,-0.4692,0.5722,-0.8040,0.1547,0.0477
98,0.0,0.0,0.0,0.0,0.0,0.0,-0.2309,-0.9045,-0.4404,0.5731,-0.8031,0.1561,0.0472
99,0.0,0.0,0.0,0.0,0.0,0.0,-0.2500,-0.8933,-0.4367,0.5743,-0.8021,0.1571,0.0469
100,0.0,0.0,0.0,0.0,0.0,0.0,-0.2246,-0.8962,-0.4383,0.5752,-0.8015,0.1561,0.0486
101,0.0,0.0,0.0,0.0,0.0,0.0,-0.2046,-0.8943,-0.4389,0.5762,-0.8010,0.1548,0.0502
102,0.0,0.0,0.0,0.0,0.0,0.0,-0.1753,-0.8637,-0.4560,0.5765,-0.8010,0.1532,0.0513
103,0.0,0.0,0.0,0.0,0.0,0.0,-0.1841,-0.8657,-0.4390,0.5762,-0.8013,0.1526,0.0515
104,0.0,0.0,0.0,0.0,0.0,0.0,-0.1895,-0.8759,-0.4406,0.5759,-0.8015,0.1523,0.0516
105,0.0,0.0,0.0,0.0,0.0,0.0,-0.1944,-0.8735,-0.4405,0.5756,-0.8018,0.1530,0.0496
106,0.0,0.0,0.0,0.0,0.0,0.0,-0.2124,-0.8870,-0.4397,0.5754,-0.8018,0.1541,0.0484
107,0.0,0.0,0.0,0.0,0.0,0.0,-0.2168,-0.8982,-0.4326,0.5751,-0.8019,0.1545,0.0486
108,0.0,0.0,0.0,0.0,0.0,0.0,-0.2251,-0.9007,-0.4296,0.5752,-0.8018,0.1548,0.0482
109,0.0,0.0,0.0,0.0,0.0,0.0,-0.2222,-0.8968,-0.4301,0.5755,-0.8016,0.1546,0.0479
110,0.0,0.0,0.0,0.0,0.0,0.0,-0.2168,-0.8948,-0.4413,0.5755,-0.8017,0.1539,0.0483
111,0.0,0.0,0.0,0.0,0.0,0.0,-0.2124,-0.8846,-0.4333,0.5755,-0.8017,0.1535,0.0490
112,0.0,0.0,0.0,0.0,0.0,0.0,-0.2159,-0.8788,-0.4361,0.5756,-0.8016,0.1540,0.0486
113,0.0,0.0,0.0,0.0,0.0,0.0,-0.2129,-0.8827,-0.4347,0.5756,-0.8015,0.1545,0.0487
114,0.0,0.0,0.0,0.0,0.0,0.0,-0.2110,-0.8861,-0.4373,0.5755,-0.8015,0.1552,0.0482
115,0.0,0.0,0.0,0.0,0.0,0.0,-0.2095,-0.8851,-0.4382,0.5750,-0.8019,0.1553,0.0483
116,0.0,0.0,0.0,0.0,0.0,0.0,-0.2110,-0.8832,-0.4396,0.5746,-0.8021,0.1553,0.0482
117,0.0,0.0,0.0,0.0,0.0,0.0,-0.2110,-0.8870,-0.4412,0.5743,-0.8024,0.1548,0.0480
118,0.0,0.0,0.0,0.0,0.0,0.0,-0.2178,-0.8831,-0.4430,0.5743,-0.8025,0.1549,0.0477
119,0.0,0.0,0.0,0.0,0.0,0.0,-0.2266,-0.8797,-0.4419,0.5744,-0.8022,0.1557,0.0472
120,0.0,0.0,0.0,0.0,0.0,0.0,-0.2246,-0.8773,-0.4419,0.5742,-0.8023,0.1561,0.0471
121,0.0,0.0,0.0,0.0,0.0,0.0,-0.2227,-0.8855,-0.4488,0.5739,-0.8025,0.1564,0.0470
122,0.0,0.0,0.0,0.0,0.0,0.0,-0.2285,-0.8860,-0.4459,0.5739,-0.8024,0.1567,0.0468
123,0.0,0.0,0.0,0.0,0.0,0.0,-0.2275,-0.8976,-0.4519,0.5736,-0.8027,0.1563,0.0479
124,0.0,0.0,0.0,0.0,0.0,0.0,-0.2123,-0.8741,-0.4852,0.5711,-0.8045,0.1557,0.0493
125,0.0,0.0,0.0,0.0,0.0,0.0,-0.0617,-0.7813,-0.4640,0.5707,-0.8062,0.1474,0.0514
126,0.0,0.0,0.0,0.0,0.0,0.0,-0.2400,-0.9737,-0.4712,0.5676,-0.8088,0.1460,0.0497
127,0.0,0.0,0.0,0.0,0.0,0.0,-0.2130,-0.8321,-0.4450,0.5687,-0.8079,0.1479,0.0445
128,0.0,0.0,0.0,0.0,0.0,0.0,-0.2495,-0.9039,-0.4519,0.5686,-0.8077,0.1496,0.0448
129,0.0,0.0,0.0,0.0,0.0,0.0,-0.1972,-0.8965,-0.4832,0.5683,-0.8076,0.1506,0.0461
130,0.0,0.0,0.0,0.0,0.0,0.0,-0.1987,-0.8685,-0.4642,0.5675,-0.8079,0.1517,0.0476
131,0.0,0.0,0.0,0.0,0.0,0.0,-0.2319,-0.9044,-0.4520,0.5678,-0.8078,0.1517,0.0454
132,0.0,0.0,0.0,0.0,0.0,0.0,-0.2104,-0.8971,-0.4671,0.5681,-0.8079,0.1501,0.0453
133,0.0,0.0,0.0,0.0,0.0,0.0,-0.1748,-0.8655,-0.4770,0.5678,-0.8086,0.1472,0.0468
134,0.0,0.0,0.0,0.0,0.0,0.0,-0.1821,-0.8695,-0.4634,0.5674,-0.8089,0.1465,0.0466
135,0.0,0.0,0.0,0.0,0.0,0.0,-0.1831,-0.8626,-0.4798,0.5666,-0.8096,0.1467,0.0448
136,0.0,0.0,0.0,0.0,0.0,0.0,-0.1914,-0.8660,-0.4769,0.5654,-0.8103,0.1480,0.0425
137,0.0,0.0,0.0,0.0,0.0,0.0,-0.1919,-0.8596,-0.4797,0.5644,-0.8108,0.1497,0.0409
138,0.0,0.0,0.0,0.0,0.0,0.0,-0.2016,-0.8664,-0.4768,0.5633,-0.8113,0.1511,0.0394
139,0.0,0.0,0.0,0.0,0.0,0.0,-0.2157,-0.8926,-0.4792,0.5620,-0.8122,0.1515,0.0389
140,0.0,0.0,0.0,0.0,0.0,0.0,-0.2226,-0.8854,-0.4639,0.5619,-0.8122,0.1517,0.0388
141,0.0,0.0,0.0,0.0,0.0,0.0,-0.2134,-0.8689,-0.4627,0.5620,-0.8122,0.1516,0.0386
142,0.0,0.0,0.0,0.0,0.0,0.0,-0.1973,-0.8694,-0.4691,0.5612,-0.8129,0.1507,0.0395
143,0.0,0.0,0.0,0.0,0.0,0.0,-0.1938,-0.8753,-0.4644,0.5606,-0.8134,0.1498,0.0407
144,0.0,0.0,0.0,0.0,0.0,0.0,-0.1870,-0.8631,-0.4696,0.5609,-0.8132,0.1496,0.0412
145,0.0,0.0,0.0,0.0,0.0,0.0,-0.1841,-0.8442,-0.4683,0.5603,-0.8137,0.1492,0.0401
146,0.0,0.0,0.0,0.0,0.0,0.0,-0.1880,-0.8403,-0.4740,0.5590,-0.8148,0.1488,0.0381
147,0.0,0.0,0.0,0.0,0.0,0.0,-0.1777,-0.8558,-0.4753,0.5582,-0.8157,0.1475,0.0366
148,0.0,0.0,0.0,0.0,0.0,0.0,-0.1655,-0.8845,-0.4671,0.5573,-0.8168,0.1447,0.0357
149,0.0,0.0,0.0,0.0,0.0,0.0,-0.1821,-0.8866,-0.4447,0.5588,-0.8159,0.1452,0.0305
150,0.0,0.0,0.0,0.0,0.0,0.0,-0.1690,-0.8704,-0.4649,0.5593,-0.8155,0.1468,0.0246
151,0.0,0.0,0.0,0.0,0.0,0.0,-0.1655,-0.8889,-0.4658,0.5584,-0.8161,0.1475,0.0197
152,0.0,0.0,0.0,0.0,0.0,0.0,-0.1772,-0.9079,-0.4548,0.5583,-0.8161,0.1484,0.0162
153,0.0,0.0,0.0,0.0,0.0,0.0,-0.1713,-0.9074,-0.4515,0.5595,-0.8150,0.1503,0.0128
154,0.0,0.0,0.0,0.0,0.0,0.0,-0.1650,-0.8894,-0.4643,0.5606,-0.8141,0.1516,0.0090
155,0.0,0.0,0.0,0.0,0.0,0.0,-0.1743,-0.9113,-0.4603,0.5613,-0.8132,0.1535,0.0034
156,0.0,0.0,0.0,0.0,0.0,0.0,-0.1981,-0.9408,-0.4704,0.5618,-0.8125,0.1558,-0.0005
157,0.0,0.0,0.0,0.0,0.0,0.0,-0.2153,-0.9229,-0.4442,0.5629,-0.8115,0.1572,0.0003
158,0.0,0.0,0.0,0.0,0.0,0.0,-0.1635,-0.9080,-0.4462,0.5620,-0.8123,0.1560,0.0016
159,0.0,0.0,0.0,0.0,0.0,0.0,-0.1713,-0.9132,-0.4613,0.5596,-0.8142,0.1549,0.0014
160,0.0,0.0,0.0,0.0,0.0,0.0,-0.1645,-0.8850,-0.4613,0.5589,-0.8150,0.1527,0.0017
161,0.0,0.0,0.0,0.0,0.0,0.0,-0.1147,-0.9259,-0.4682,0.5580,-0.8165,0.1482,0.0043
162,0.0,0.0,0.0,0.0,0.0,0.0,-0.0913,-0.9046,-0.4616,0.5581,-0.8170,0.1446,0.0062
163,0.0,0.0,0.0,0.0,0.0,0.0,-0.1069,-0.8870,-0.4797,0.5589,-0.8168,0.1430,0.0068
164,0.0,0.0,0.0,0.0,0.0,0.0,-0.0937,-0.8904,-0.4774,0.5611,-0.8155,0.1415,0.0070
165,0.0,0.0,0.0,0.0,0.0,0.0,-0.0937,-0.8913,-0.4827,0.5639,-0.8137,0.1409,0.0065
166,0.0,0.0,0.0,0.0,0.0,0.0,-0.0659,-0.8894,-0.4921,0.5655,-0.8128,0.1397,0.0068
167,0.0,0.0,0.0,0.0,0.0,0.0,-0.0615,-0.8830,-0.5008,0.5670,-0.8119,0.1386,0.0067
168,0.0,0.0,0.0,0.0,0.0,0.0,-0.0839,-0.8933,-0.4921,0.5690,-0.8108,0.1374,0.0057
169,0.0,0.0,0.0,0.0,0.0,0.0,-0.0820,-0.8728,-0.4946,0.5703,-0.8101,0.1362,0.0044
170,0.0,0.0,0.0,0.0,0.0,0.0,-0.0855,-0.8364,-0.4920,0.5714,-0.8095,0.1347,0.0032
171,0.0,0.0,0.0,0.0,0.0,0.0,-0.0850,-0.8346,-0.4701,0.5722,-0.8092,0.1330,0.0021
172,0.0,0.0,0.0,0.0,0.0,0.0,-0.0610,-0.8579,-0.4833,0.5723,-0.8095,0.1309,0.0011
173,0.0,0.0,0.0,0.0,0.0,0.0,-0.0611,-0.8546,-0.4706,0.5721,-0.8100,0.1284,-0.0005
174,0.0,0.0,0.0,0.0,0.0,0.0,-0.0670,-0.8342,-0.4610,0.5719,-0.8107,0.1254,-0.0012
175,0.0,0.0,0.0,0.0,0.0,0.0,-0.0587,-0.8527,-0.4638,0.5717,-0.8114,0.1217,-0.0009
176,0.0,0.0,0.0,0.0,0.0,0.0,-0.0518,-0.8858,-0.4537,0.5728,-0.8111,0.1185,-0.0017
177,0.0,0.0,0.0,0.0,0.0,0.0,-0.0655,-0.8955,-0.4436,0.5752,-0.8097,0.1159,-0.0033
178,0.0,0.0,0.0,0.0,0.0,0.0,-0.0908,-0.9091,-0.4437,0.5775,-0.8085,0.1132,-0.0042
179,0.0,0.0,0.0,0.0,0.0,0.0,-0.0732,-0.9125,-0.4429,0.5796,-0.8075,0.1094,-0.0052
180,0.0,0.0,0.0,0.0,0.0,0.0,-0.0869,-0.9067,-0.4281,0.5824,-0.8057,0.1075,-0.0072
181,0.0,0.0,0.0,0.0,0.0,0.0,-0.1040,-0.9300,-0.4318,0.5843,-0.8044,0.1069,-0.0086
182,0.0,0.0,0.0,0.0,0.0,0.0,-0.1182,-0.9150,-0.4188,0.5861,-0.8032,0.1060,-0.0109
183,0.0,0.0,0.0,0.0,0.0,0.0,-0.0947,-0.9077,-0.4344,0.5864,-0.8030,0.1051,-0.0137
184,0.0,0.0,0.0,0.0,0.0,0.0,-0.0820,-0.9188,-0.4376,0.5857,-0.8035,0.1049,-0.0171
185,0.0,0.0,0.0,0.0,0.0,0.0,-0.0787,-0.8999,-0.4314,0.5851,-0.8039,0.1049,-0.0205
186,0.0,0.0,0.0,0.0,0.0,0.0,-0.0675,-0.8825,-0.4292,0.5823,-0.8061,0.1030,-0.0223
187,0.0,0.0,0.0,0.0,0.0,0.0,-0.0391,-0.8960,-0.4447,0.5809,-0.8076,0.0991,-0.0238
188,0.0,0.0,0.0,0.0,0.0,0.0,-0.0357,-0.8902,-0.4490,0.5788,-0.8096,0.0944,-0.0247
189,0.0,0.0,0.0,0.0,0.0,0.0,-0.0097,-0.9174,-0.4516,0.5758,-0.8125,0.0879,-0.0245
190,0.0,0.0,0.0,0.0,0.0,0.0,-0.0190,-0.9754,-0.4224,0.5729,-0.8153,0.0810,-0.0224
191,0.0,0.0,0.0,0.0,0.0,0.0,-0.0678,-1.0118,-0.4004,0.5706,-0.8175,0.0757,-0.0184
192,0.0,0.0,0.0,0.0,0.0,0.0,-0.0794,-0.9667,-0.4710,0.5649,-0.8221,0.0698,-0.0112
193,0.0,0.0,0.0,0.0,0.0,0.0,-0.0345,-0.8751,-0.5338,0.5533,-0.8306,0.0630,-0.0046
194,0.0,0.0,0.0,0.0,0.0,0.0,-0.0185,-0.8773,-0.5029,0.5407,-0.8393,0.0571,-0.0021
195,0.0,0.0,0.0,0.0,0.0,0.0,-0.0610,-0.9182,-0.4732,0.5333,-0.8441,0.0555,-0.0021
196,0.0,0.0,0.0,0.0,0.0,0.0,-0.1161,-0.9282,-0.4891,0.5317,-0.8449,0.0585,-0.0030
197,0.0,0.0,0.0,0.0,0.0,0.0,-0.0755,-0.8940,-0.5247,0.5319,-0.8445,0.0620,-0.0045
198,0.0,0.0,0.0,0.0,0.0,0.0,-0.0594,-0.8765,-0.5308,0.5333,-0.8433,0.0664,-0.0077
199,0.0,0.0,0.0,0.0,0.0,0.0,0.0142,-0.8388,-0.5379,0.5332,-0.8433,0.0672,-0.0096
200,0.0,0.0,0.0,0.0,0.0,0.0,0.0221,-0.8565,-0.5718,0.5301,-0.8453,0.0668,-0.0087
201,0.0,0.0,0.0,0.0,0.0,0.0,-0.0242,-0.8891,-0.5463,0.5267,-0.8472,0.0684,-0.0114
202,0.0,0.0,0.0,0.0,0.0,0.0,-0.0135,-0.8511,-0.5793,0.5223,-0.8499,0.0690,-0.0133
203,0.0,0.0,0.0,0.0,0.0,0.0,-0.0404,-0.7893,-0.5975,0.5163,-0.8534,0.0706,-0.0151
204,0.0,0.0,0.0,0.0,0.0,0.0,0.0024,-0.7120,-0.6236,0.5050,-0.8603,0.0686,-0.0103
205,0.0,0.0,0.0,0.0,0.0,0.0,0.0584,-0.6741,-0.5678,0.4925,-0.8684,0.0566,0.0055
206,0.0,0.0,0.0,0.0,0.0,0.0,0.0118,-0.7509,-0.6204,0.4840,-0.8738,0.0429,0.0201
207,0.0,0.0,0.0,0.0,0.0,0.0,-0.1163,-0.9079,-0.6205,0.4782,-0.8769,0.0340,0.0330
208,0.0,0.0,0.0,0.0,0.0,0.0,-0.1612,-1.0161,-0.5473,0.4789,-0.8764,0.0304,0.0402
209,0.0,0.0,0.0,0.0,0.0,0.0,-0.2237,-0.9956,-0.5461,0.4878,-0.8714,0.0372,0.0355
210,0.0,0.0,0.0,0.0,0.0,0.0,-0.1520,-0.9050,-0.6105,0.4964,-0.8664,0.0472,0.0265
211,0.0,0.0,0.0,0.0,0.0,0.0,-0.0963,-0.8920,-0.6204,0.5024,-0.8626,0.0579,0.0144
212,0.0,0.0,0.0,0.0,0.0,0.0,-0.0159,-0.8703,-0.6058,0.5095,-0.8580,0.0653,0.0039
213,0.0,0.0,0.0,0.0,0.0,0.0,0.0682,-0.9546,-0.5927,0.5167,-0.8536,0.0665,-0.0013
214,0.0,0.0,0.0,0.0,0.0,0.0,0.0325,-1.0294,-0.4971,0.5282,-0.8465,0.0662,-0.0028
215,0.0,0.0,0.0,0.0,0.0,0.0,0.0027,-0.9793,-0.5019,0.5423,-0.8376,0.0657,0.0006
216,0.0,0.0,0.0,0.0,0.0,0.0,0.0460,-0.8407,-0.5551,0.5511,-0.8319,0.0645,0.0053
217,0.0,0.0,0.0,0.0,0.0,0.0,0.0180,-0.7133,-0.5804,0.5535,-0.8300,0.0692,0.0058
218,0.0,0.0,0.0,0.0,0.0,0.0,-0.0338,-0.7326,-0.5746,0.5514,-0.8307,0.0758,0.0062
219,0.0,0.0,0.0,0.0,0.0,0.0,-0.0230,-0.7720,-0.5613,0.5507,-0.8311,0.0774,0.0067
220,0.0,0.0,0.0,0.0,0.0,0.0,-0.0302,-0.8465,-0.5314,0.5515,-0.8305,0.0773,0.0062
221,0.0,0.0,0.0,0.0,0.0,0.0,-0.0609,-0.8761,-0.5303,0.5528,-0.8296,0.0789,0.0048
222,0.0,0.0,0.0,0.0,0.0,0.0,-0.0488,-0.8256,-0.5358,0.5534,-0.8290,0.0802,0.0045
223,0.0,0.0,0.0,0.0,0.0,0.0,-0.0118,-0.8064,-0.5119,0.5508,-0.8309,0.0785,0.0058
224,0.0,0.0,0.0,0.0,0.0,0.0,-0.0152,-0.8234,-0.5044,0.5466,-0.8338,0.0771,0.0050
225,0.0,0.0,0.0,0.0,0.0,0.0,-0.0766,-0.9123,-0.4735,0.5420,-0.8369,0.0759,0.0014
226,0.0,0.0,0.0,0.0,0.0,0.0,-0.1257,-0.9961,-0.4883,0.5409,-0.8377,0.0754,-0.0011
227,0.0,0.0,0.0,0.0,0.0,0.0,-0.1581,-0.9311,-0.4782,0.5434,-0.8358,0.0782,-0.0020
228,0.0,0.0,0.0,0.0,0.0,0.0,-0.1073,-0.8888,-0.4996,0.5456,-0.8340,0.0816,-0.0015
229,0.0,0.0,0.0,0.0,0.0,0.0,-0.0864,-0.8547,-0.5191,0.5460,-0.8336,0.0836,-0.0007
230,0.0,0.0,0.0,0.0,0.0,0.0,-0.0820,-0.8460,-0.5107,0.5449,-0.8342,0.0847,-0.0014
231,0.0,0.0,0.0,0.0,0.0,0.0,-0.1114,-0.8315,-0.4952,0.5449,-0.8339,0.0877,-0.0040
232,0.0,0.0,0.0,0.0,0.0,0.0,-0.0962,-0.8189,-0.5062,0.5448,-0.8336,0.0907,-0.0056
233,0.0,0.0,0.0,0.0,0.0,0.0,-0.0908,-0.8417,-0.4974,0.5441,-0.8337,0.0942,-0.0059
234,0.0,0.0,0.0,0.0,0.0,0.0,-0.1113,-0.8451,-0.4998,0.5430,-0.8337,0.1001,-0.0084
235,0.0,0.0,0.0,0.0,0.0,0.0,-0.1094,-0.8227,-0.5101,0.5421,-0.8335,0.1065,-0.0114
236,0.0,0.0,0.0,0.0,0.0,0.0,-0.0982,-0.8000,-0.5006,0.5413,-0.8332,0.1124,-0.0131
237,0.0,0.0,0.0,0.0,0.0,0.0,-0.0669,-0.8241,-0.5279,0.5401,-0.8335,0.1157,-0.0147
238,0.0,0.0,0.0,0.0,0.0,0.0,-0.0264,-0.8140,-0.5343,0.5365,-0.8358,0.1151,-0.0178
239,0.0,0.0,0.0,0.0,0.0,0.0,-0.0269,-0.7766,-0.5380,0.5329,-0.8380,0.1148,-0.0244
240,0.0,0.0,0.0,0.0,0.0,0.0,-0.0366,-0.8091,-0.5268,0.5291,-0.8399,0.1162,-0.0331
241,0.0,0.0,0.0,0.0,0.0,0.0,-0.0444,-0.8675,-0.5147,0.5269,-0.8404,0.1197,-0.0424
242,0.0,0.0,0.0,0.0,0.0,0.0,-0.0522,-0.8406,-0.5409,0.5238,-0.8413,0.1240,-0.0499
243,0.0,0.0,0.0,0.0,0.0,0.0,-0.0510,-0.9362,-0.5421,0.5190,-0.8437,0.1265,-0.0533
244,0.0,0.0,0.0,0.0,0.0,0.0,-0.0179,-0.8819,-0.5370,0.5160,-0.8448,0.1287,-0.0587
245,0.0,0.0,0.0,0.0,0.0,0.0,-0.0111,-0.8577,-0.5346,0.5134,-0.8460,0.1286,-0.0650
246,0.0,0.0,0.0,0.0,0.0,0.0,0.0095,-0.9096,-0.5488,0.5113,-0.8472,0.1264,-0.0695
247,0.0,0.0,0.0,0.0,0.0,0.0,0.0001,-0.8746,-0.5457,0.5115,-0.8472,0.1240,-0.0721
248,0.0,0.0,0.0,0.0,0.0,0.0,0.0120,-0.9065,-0.5726,0.5119,-0.8476,0.1210,-0.0691
249,0.0,0.0,0.0,0.0,0.0,0.0,0.0018,-0.9595,-0.5579,0.5141,-0.8472,0.1183,-0.0637
250,0.0,0.0,0.0,0.0,0.0,0.0,-0.0310,-0.9285,-0.5426,0.5165,-0.8468,0.1150,-0.0540
251,0.0,0.0,0.0,0.0,0.0,0.0,-0.0896,-0.9240,-0.5451,0.5178,-0.8470,0.1123,-0.0434
252,0.0,0.0,0.0,0.0,0.0,0.0,-0.0949,-0.8858,-0.5877,0.5153,-0.8496,0.1081,-0.0312
253,0.0,0.0,0.0,0.0,0.0,0.0,-0.0627,-0.8823,-0.6218,0.5121,-0.8530,0.0990,-0.0171
254,0.0,0.0,0.0,0.0,0.0,0.0,-0.0730,-0.8377,-0.6088,0.5093,-0.8559,0.0892,-0.0055
255,0.0,0.0,0.0,0.0,0.0,0.0,-0.0887,-0.8164,-0.5850,0.5075,-0.8580,0.0797,0.0037
256,0.0,0.0,0.0,0.0,0.0,0.0,-0.0847,-0.8641,-0.5820,0.5072,-0.8587,0.0716,0.0153
257,0.0,0.0,0.0,0.0,0.0,0.0,-0.0946,-0.8234,-0.5623,0.5090,-0.8578,0.0668,0.0252
258,0.0,0.0,0.0,0.0,0.0,0.0,-0.1307,-0.8324,-0.5865,0.5100,-0.8570,0.0643,0.0362
259,0.0,0.0,0.0,0.0,0.0,0.0,-0.1164,-0.8532,-0.6079,0.5091,-0.8572,0.0624,0.0467
260,0.0,0.0,0.0,0.0,0.0,0.0,-0.1126,-0.8197,-0.5942,0.5088,-0.8570,0.0628,0.0526
261,0.0,0.0,0.0,0.0,0.0,0.0,-0.0980,-0.7954,-0.6172,0.5082,-0.8570,0.0622,0.0585
262,0.0,0.0,0.0,0.0,0.0,0.0,-0.1024,-0.7857,-0.6029,0.5070,-0.8575,0.0601,0.0635
263,0.0,0.0,0.0,0.0,0.0,0.0,-0.1205,-0.8183,-0.5927,0.5070,-0.8574,0.0582,0.0661
264,0.0,0.0,0.0,0.0,0.0,0.0,-0.1287,-0.8285,-0.5884,0.5075,-0.8569,0.0568,0.0696
265,0.0,0.0,0.0,0.0,0.0,0.0,-0.1463,-0.8279,-0.6009,0.5092,-0.8556,0.0570,0.0732
266,0.0,0.0,0.0,0.0,0.0,0.0,-0.1214,-0.8002,-0.6069,0.5088,-0.8555,0.0563,0.0783
267,0.0,0.0,0.0,0.0,0.0,0.0,-0.1362,-0.7567,-0.5803,0.5078,-0.8558,0.0567,0.0811
268,0.0,0.0,0.0,0.0,0.0,0.0,-0.1406,-0.7722,-0.5893,0.5061,-0.8565,0.0567,0.0833
269,0.0,0.0,0.0,0.0,0.0,0.0,-0.1806,-0.7896,-0.5753,0.5049,-0.8571,0.0576,0.0840
270,0.0,0.0,0.0,0.0,0.0,0.0,-0.1634,-0.8420,-0.5909,0.5051,-0.8570,0.0574,0.0847
271,0.0,0.0,0.0,0.0,0.0,0.0,-0.1463,-0.8114,-0.5963,0.5060,-0.8564,0.0573,0.0855
272,0.0,0.0,0.0,0.0,0.0,0.0,-0.1278,-0.7847,-0.6056,0.5045,-0.8572,0.0561,0.0867
273,0.0,0.0,0.0,0.0,0.0,0.0,-0.1723,-0.7916,-0.5710,0.5035,-0.8579,0.0564,0.0855
274,0.0,0.0,0.0,0.0,0.0,0.0,-0.1884,-0.7824,-0.5664,0.5040,-0.8577,0.0580,0.0831
275,0.0,0.0,0.0,0.0,0.0,0.0,-0.1438,-0.8078,-0.6269,0.5026,-0.8586,0.0573,0.0827
276,0.0,0.0,0.0,0.0,0.0,0.0,-0.1359,-0.8535,-0.6297,0.5015,-0.8594,0.0561,0.0826
277,0.0,0.0,0.0,0.0,0.0,0.0,-0.1839,-0.8187,-0.5836,0.5021,-0.8591,0.0572,0.0815
278,0.0,0.0,0.0,0.0,0.0,0.0,-0.1899,-0.7852,-0.5815,0.5026,-0.8589,0.0586,0.0796
279,0.0,0.0,0.0,0.0,0.0,0.0,-0.1850,-0.8047,-0.5760,0.5028,-0.8589,0.0594,0.0775
280,0.0,0.0,0.0,0.0,0.0,0.0,-0.1898,-0.8208,-0.5631,0.5041,-0.8582,0.0608,0.0750
281,0.0,0.0,0.0,0.0,0.0,0.0,-0.1531,-0.8283,-0.6072,0.5047,-0.8580,0.0611,0.0730
282,0.0,0.0,0.0,0.0,0.0,0.0,-0.1452,-0.8633,-0.6147,0.5062,-0.8573,0.0607,0.0708
283,0.0,0.0,0.0,0.0,0.0,0.0,-0.1467,-0.8546,-0.6097,0.5085,-0.8562,0.0611,0.0687
284,0.0,0.0,0.0,0.0,0.0,0.0,-0.1600,-0.8318,-0.5917,0.5117,-0.8544,0.0638,0.0646
285,0.0,0.0,0.0,0.0,0.0,0.0,-0.1585,-0.8177,-0.6041,0.5141,-0.8531,0.0680,0.0573
286,0.0,0.0,0.0,0.0,0.0,0.0,-0.1464,-0.8018,-0.5767,0.5166,-0.8517,0.0718,0.0517
287,0.0,0.0,0.0,0.0,0.0,0.0,-0.1205,-0.8125,-0.5843,0.5170,-0.8515,0.0738,0.0472
288,0.0,0.0,0.0,0.0,0.0,0.0,-0.1351,-0.8257,-0.5703,0.5169,-0.8516,0.0759,0.0429
289,0.0,0.0,0.0,0.0,0.0,0.0,-0.1703,-0.8077,-0.5630,0.5164,-0.8518,0.0791,0.0387
290,0.0,0.0,0.0,0.0,0.0,0.0,-0.1835,-0.8042,-0.5726,0.5160,-0.8520,0.0821,0.0337
291,0.0,0.0,0.0,0.0,0.0,0.0,-0.1860,-0.7849,-0.5533,0.5174,-0.8510,0.0866,0.0263
292,0.0,0.0,0.0,0.0,0.0,0.0,-0.2070,-0.8487,-0.5188,0.5189,-0.8494,0.0947,0.0167
293,0.0,0.0,0.0,0.0,0.0,0.0,-0.2629,-0.9813,-0.4907,0.5231,-0.8456,0.1061,0.0065
294,0.0,0.0,0.0,0.0,0.0,0.0,-0.1911,-0.9476,-0.5425,0.5281,-0.8410,0.1178,-0.0002
295,0.0,0.0,0.0,0.0,0.0,0.0,-0.0596,-0.9738,-0.5919,0.5323,-0.8375,0.1233,-0.0025
296,0.0,0.0,0.0,0.0,0.0,0.0,-0.1240,-0.8493,-0.5232,0.5408,-0.8312,0.1285,-0.0059
297,0.0,0.0,0.0,0.0,0.0,0.0,-0.1075,-0.8144,-0.5100,0.5459,-0.8274,0.1314,-0.0070
298,0.0,0.0,0.0,0.0,0.0,0.0,0.0134,-0.8782,-0.5950,0.5467,-0.8276,0.1276,-0.0017
299,0.0,0.0,0.0,0.0,0.0,0.0,-0.0331,-0.8693,-0.5372,0.5478,-0.8271,0.1260,0.0003
300,0.0,0.0,0.0,0.0,0.0,0.0,-0.0722,-0.8626,-0.5023,0.5493,-0.8260,0.1267,0.0010
301,0.0,0.0,0.0,0.0,0.0,0.0,-0.0643,-0.9116,-0.5173,0.5499,-0.8255,0.1274,0.0027
302,0.0,0.0,0.0,0.0,0.0,0.0,-0.0829,-0.8738,-0.5049,0.5522,-0.8234,0.1306,0.0061
303,0.0,0.0,0.0,0.0,0.0,0.0,-0.0913,-0.8675,-0.4959,0.5543,-0.8214,0.1338,0.0098
304,0.0,0.0,0.0,0.0,0.0,0.0,-0.1000,-0.8689,-0.5013,0.5550,-0.8206,0.1358,0.0130
305,0.0,0.0,0.0,0.0,0.0,0.0,-0.0864,-0.8593,-0.4924,0.5569,-0.8189,0.1379,0.0151
306,0.0,0.0,0.0,0.0,0.0,0.0,-0.0845,-0.8443,-0.4747,0.5598,-0.8167,0.1395,0.0148
307,0.0,0.0,0.0,0.0,0.0,0.0,-0.1011,-0.8739,-0.4819,0.5624,-0.8144,0.1420,0.0156
308,0.0,0.0,0.0,0.0,0.0,0.0,-0.1089,-0.8701,-0.4672,0.5670,-0.8105,0.1459,0.0152
309,0.0,0.0,0.0,0.0,0.0,0.0,-0.0875,-0.8426,-0.4377,0.5746,-0.8046,0.1494,0.0133
310,0.0,0.0,0.0,0.0,0.0,0.0,-0.0861,-0.8411,-0.4479,0.5829,-0.7983,0.1507,0.0146
311,0.0,0.0,0.0,0.0,0.0,0.0,-0.1303,-0.9016,-0.4589,0.5909,-0.7926,0.1492,0.0186
312,0.0,0.0,0.0,0.0,0.0,0.0,-0.2150,-0.8675,-0.3737,0.6006,-0.7851,0.1496,0.0213
313,0.0,0.0,0.0,0.0,0.0,0.0,-0.1887,-0.8457,-0.3720,0.6087,-0.7793,0.1461,0.0293
314,0.0,0.0,0.0,0.0,0.0,0.0,-0.1891,-0.8883,-0.3980,0.6150,-0.7749,0.1416,0.0364
315,0.0,0.0,0.0,0.0,0.0,0.0,-0.1833,-0.8787,-0.3886,0.6205,-0.7713,0.1359,0.0409
316,0.0,0.0,0.0,0.0,0.0,0.0,-0.1725,-0.8981,-0.3876,0.6231,-0.7700,0.1286,0.0470
317,0.0,0.0,0.0,0.0,0.0,0.0,-0.2135,-0.9322,-0.3530,0.6250,-0.7694,0.1220,0.0497
318,0.0,0.0,0.0,0.0,0.0,0.0,-0.2232,-0.9819,-0.3290,0.6266,-0.7689,0.1166,0.0504
319,0.0,0.0,0.0,0.0,0.0,0.0,-0.2207,-1.0466,-0.3010,0.6266,-0.7693,0.1140,0.0505
320,0.0,0.0,0.0,0.0,0.0,0.0,-0.2164,-1.0065,-0.2774,0.6264,-0.7693,0.1146,0.0513
321,0.0,0.0,0.0,0.0,0.0,0.0,-0.2145,-0.9894,-0.2912,0.6267,-0.7687,0.1173,0.0502
322,0.0,0.0,0.0,0.0,0.0,0.0,-0.2316,-0.9425,-0.3370,0.6263,-0.7686,0.1205,0.0488
323,0.0,0.0,0.0,0.0,0.0,0.0,-0.2175,-0.9051,-0.3471,0.6243,-0.7701,0.1212,0.0509
324,0.0,0.0,0.0,0.0,0.0,0.0,-0.1657,-0.9011,-0.3712,0.6209,-0.7729,0.1189,0.0544
325,0.0,0.0,0.0,0.0,0.0,0.0,-0.1515,-0.8895,-0.3739,0.6173,-0.7761,0.1171,0.0546
326,0.0,0.0,0.0,0.0,0.0,0.0,-0.1785,-0.8292,-0.3781,0.6134,-0.7793,0.1180,0.0504
327,0.0,0.0,0.0,0.0,0.0,0.0,-0.1873,-0.8021,-0.3688,0.6089,-0.7827,0.1213,0.0440
328,0.0,0.0,0.0,0.0,0.0,0.0,-0.1770,-0.8394,-0.3744,0.6034,-0.7863,0.1276,0.0383
329,0.0,0.0,0.0,0.0,0.0,0.0,-0.1422,-0.8421,-0.4286,0.5952,-0.7921,0.1312,0.0338
330,0.0,0.0,0.0,0.0,0.0,0.0,-0.1633,-0.8593,-0.3811,0.5875,-0.7976,0.1337,0.0290
331,0.0,0.0,0.0,0.0,0.0,0.0,-0.1519,-0.9808,-0.3717,0.5831,-0.8009,0.1340,0.0231
332,0.0,0.0,0.0,0.0,0.0,0.0,-0.1328,-0.9587,-0.4083,0.5812,-0.8029,0.1312,0.0196
333,0.0,0.0,0.0,0.0,0.0,0.0,-0.1543,-0.9418,-0.3870,0.5819,-0.8031,0.1266,0.0194
334,0.0,0.0,0.0,0.0,0.0,0.0,-0.1421,-1.0086,-0.3494,0.5852,-0.8015,0.1216,0.0213
335,0.0,0.0,0.0,0.0,0.0,0.0,-0.1683,-1.0726,-0.3610,0.5894,-0.7985,0.1196,0.0258
336,0.0,0.0,0.0,0.0,0.0,0.0,-0.1166,-0.9194,-0.4860,0.5908,-0.7975,0.1183,0.0298
337,0.0,0.0,0.0,0.0,0.0,0.0,-0.1269,-0.8709,-0.4817,0.5871,-0.8005,0.1158,0.0324
338,0.0,0.0,0.0,0.0,0.0,0.0,-0.1474,-0.9166,-0.4625,0.5835,-0.8034,0.1139,0.0330
339,0.0,0.0,0.0,0.0,0.0,0.0,-0.1572,-0.9216,-0.4479,0.5822,-0.8042,0.1148,0.0329
340,0.0,0.0,0.0,0.0,0.0,0.0,-0.1152,-0.8938,-0.4725,0.5816,-0.8048,0.1128,0.0362
341,0.0,0.0,0.0,0.0,0.0,0.0,-0.1837,-0.8566,-0.4296,0.5812,-0.8051,0.1133,0.0339
342,0.0,0.0,0.0,0.0,0.0,0.0,-0.1203,-0.8187,-0.4478,0.5791,-0.8069,0.1115,0.0345
343,0.0,0.0,0.0,0.0,0.0,0.0,-0.0240,-0.8570,-0.4825,0.5741,-0.8108,0.1072,0.0377
344,0.0,0.0,0.0,0.0,0.0,0.0,-0.1172,-0.8813,-0.4547,0.5711,-0.8129,0.1090,0.0353
345,0.0,0.0,0.0,0.0,0.0,0.0,-0.1587,-0.8968,-0.4484,0.5690,-0.8143,0.1105,0.0319
346,0.0,0.0,0.0,0.0,0.0,0.0,-0.1494,-0.8898,-0.4751,0.5660,-0.8164,0.1104,0.0316
347,0.0,0.0,0.0,0.0,0.0,0.0,-0.1221,-0.8432,-0.4812,0.5618,-0.8192,0.1103,0.0342
348,0.0,0.0,0.0,0.0,0.0,0.0,-0.1050,-0.8145,-0.5013,0.5540,-0.8246,0.1084,0.0367
349,0.0,0.0,0.0,0.0,0.0,0.0,-0.1157,-0.7820,-0.5687,0.5426,-0.8328,0.1022,0.0400
350,0.0,0.0,0.0,0.0,0.0,0.0,-0.1027,-0.7039,-0.5655,0.5289,-0.8426,0.0928,0.0414
351,0.0,0.0,0.0,0.0,0.0,0.0,-0.0685,-0.7039,-0.5836,0.5136,-0.8532,0.0774,0.0473
352,0.0,0.0,0.0,0.0,0.0,0.0,-0.0872,-0.8669,-0.5976,0.5001,-0.8620,0.0618,0.0543
353,0.0,0.0,0.0,0.0,0.0,0.0,-0.2654,-0.9434,-0.4997,0.4977,-0.8640,0.0613,0.0455
354,0.0,0.0,0.0,0.0,0.0,0.0,-0.3095,-0.9188,-0.4650,0.5021,-0.8614,0.0704,0.0309
355,0.0,0.0,0.0,0.0,0.0,0.0,-0.1461,-0.9836,-0.5385,0.5060,-0.8587,0.0791,0.0177
356,0.0,0.0,0.0,0.0,0.0,0.0,-0.0576,-1.0559,-0.5729,0.5092,-0.8564,0.0847,0.0062
357,0.0,0.0,0.0,0.0,0.0,0.0,-0.0353,-1.0315,-0.5181,0.5168,-0.8516,0.0871,-0.0004
358,0.0,0.0,0.0,0.0,0.0,0.0,-0.0750,-1.0154,-0.4534,0.5293,-0.8440,0.0872,-0.0014
359,0.0,0.0,0.0,0.0,0.0,0.0,0.0332,-1.0485,-0.5451,0.5406,-0.8372,0.0828,0.0034
360,0.0,0.0,0.0,0.0,0.0,0.0,0.0760,-0.9075,-0.5958,0.5474,-0.8333,0.0774,0.0055
361,0.0,0.0,0.0,0.0,0.0,0.0,0.0569,-0.8149,-0.6442,0.5461,-0.8343,0.0757,0.0058
362,0.0,0.0,0.0,0.0,0.0,0.0,-0.0357,-0.7396,-0.5514,0.5436,-0.8358,0.0769,0.0065
363,0.0,0.0,0.0,0.0,0.0,0.0,-0.0137,-0.7896,-0.5480,0.5406,-0.8377,0.0776,0.0074
364,0.0,0.0,0.0,0.0,0.0,0.0,-0.0277,-0.8654,-0.5415,0.5404,-0.8376,0.0801,0.0049
365,0.0,0.0,0.0,0.0,0.0,0.0,-0.0698,-0.8631,-0.5091,0.5425,-0.8357,0.0856,0.0014
366,0.0,0.0,0.0,0.0,0.0,0.0,-0.0532,-0.8398,-0.5166,0.5442,-0.8342,0.0898,0.0002
367,0.0,0.0,0.0,0.0,0.0,0.0,-0.0424,-0.8780,-0.5290,0.5435,-0.8343,0.0922,-0.0017
368,0.0,0.0,0.0,0.0,0.0,0.0,-0.0678,-0.8981,-0.4976,0.5451,-0.8327,0.0966,-0.0065
369,0.0,0.0,0.0,0.0,0.0,0.0,-0.0892,-0.9173,-0.5304,0.5453,-0.8322,0.0998,-0.0086
370,0.0,0.0,0.0,0.0,0.0,0.0,-0.1253,-0.9227,-0.5055,0.5466,-0.8308,0.1048,-0.0094
371,0.0,0.0,0.0,0.0,0.0,0.0,-0.1606,-0.8664,-0.4882,0.5490,-0.8282,0.1119,-0.0112
372,0.0,0.0,0.0,0.0,0.0,0.0,-0.1762,-0.8789,-0.5039,0.5497,-0.8271,0.1169,-0.0085
373,0.0,0.0,0.0,0.0,0.0,0.0,-0.1752,-0.8795,-0.4971,0.5514,-0.8254,0.1207,-0.0064
374,0.0,0.0,0.0,0.0,0.0,0.0,-0.1645,-0.8402,-0.4965,0.5543,-0.8233,0.1224,-0.0019
375,0.0,0.0,0.0,0.0,0.0,0.0,-0.1432,-0.7941,-0.4910,0.5553,-0.8229,0.1200,0.0049
376,0.0,0.0,0.0,0.0,0.0,0.0,-0.1402,-0.7993,-0.5100,0.5529,-0.8253,0.1137,0.0142
377,0.0,0.0,0.0,0.0,0.0,0.0,-0.1572,-0.8421,-0.5053,0.5504,-0.8276,0.1079,0.0246
378,0.0,0.0,0.0,0.0,0.0,0.0,-0.1685,-0.8091,-0.4896,0.5495,-0.8283,0.1040,0.0337
379,0.0,0.0,0.0,0.0,0.0,0.0,-0.1408,-0.7606,-0.4977,0.5467,-0.8304,0.0969,0.0460
380,0.0,0.0,0.0,0.0,0.0,0.0,-0.1558,-0.7730,-0.5304,0.5408,-0.8344,0.0892,0.0577
381,0.0,0.0,0.0,0.0,0.0,0.0,-0.1490,-0.7919,-0.5288,0.5341,-0.8388,0.0810,0.0678
382,0.0,0.0,0.0,0.0,0.0,0.0,-0.1670,-0.7830,-0.5597,0.5262,-0.8438,0.0735,0.0753
383,0.0,0.0,0.0,0.0,0.0,0.0,-0.1758,-0.7615,-0.5782,0.5159,-0.8502,0.0658,0.0812
384,0.0,0.0,0.0,0.0,0.0,0.0,-0.1861,-0.7328,-0.5757,0.5038,-0.8574,0.0576,0.0875
385,0.0,0.0,0.0,0.0,0.0,0.0,-0.2079,-0.7983,-0.5874,0.4910,-0.8649,0.0490,0.0923
386,0.0,0.0,0.0,0.0,0.0,0.0,-0.2214,-0.8816,-0.6059,0.4784,-0.8717,0.0410,0.0976
387,0.0,0.0,0.0,0.0,0.0,0.0,-0.2302,-0.8725,-0.5906,0.4692,-0.8765,0.0346,0.1018
388,0.0,0.0,0.0,0.0,0.0,0.0,-0.2297,-0.8427,-0.6139,0.4630,-0.8794,0.0295,0.1071
389,0.0,0.0,0.0,0.0,0.0,0.0,-0.2210,-0.8021,-0.5957,0.4586,-0.8817,0.0261,0.1074
390,0.0,0.0,0.0,0.0,0.0,0.0,-0.1898,-0.7786,-0.6241,0.4561,-0.8835,0.0229,0.1046
391,0.0,0.0,0.0,0.0,0.0,0.0,-0.1369,-0.7900,-0.6806,0.4529,-0.8848,0.0149,0.1085
392,0.0,0.0,0.0,0.0,0.0,0.0,-0.1458,-0.7728,-0.6447,0.4529,-0.8849,0.0102,0.1080
393,0.0,0.0,0.0,0.0,0.0,0.0,-0.1208,-0.7866,-0.6918,0.4535,-0.8849,0.0071,0.1063
394,0.0,0.0,0.0,0.0,0.0,0.0,-0.1305,-0.8319,-0.6702,0.4570,-0.8832,0.0073,0.1050
395,0.0,0.0,0.0,0.0,0.0,0.0,-0.1437,-0.8402,-0.6488,0.4652,-0.8796,0.0131,0.0988
396,0.0,0.0,0.0,0.0,0.0,0.0,-0.1207,-0.8425,-0.6821,0.4727,-0.8760,0.0190,0.0940
397,0.0,0.0,0.0,0.0,0.0,0.0,-0.0987,-0.8556,-0.6887,0.4798,-0.8727,0.0236,0.0880
398,0.0,0.0,0.0,0.0,0.0,0.0,-0.1066,-0.8299,-0.6897,0.4850,-0.8703,0.0277,0.0810
399,0.0,0.0,0.0,0.0,0.0,0.0,-0.0789,-0.7834,-0.6725,0.4882,-0.8692,0.0291,0.0734
400,0.0,0.0,0.0,0.0,0.0,0.0,-0.0721,-0.7647,-0.6435,0.4924,-0.8678,0.0316,0.0595
401,0.0,0.0,0.0,0.0,0.0,0.0,-0.1302,-0.7826,-0.6241,0.4985,-0.8649,0.0407,0.0414
402,0.0,0.0,0.0,0.0,0.0,0.0,-0.1224,-0.8192,-0.6034,0.5050,-0.8612,0.0535,0.0222
403,0.0,0.0,0.0,0.0,0.0,0.0,-0.1264,-0.7669,-0.5796,0.5140,-0.8548,0.0717,0.0003
404,0.0,0.0,0.0,0.0,0.0,0.0,-0.0722,-0.8082,-0.5840,0.5201,-0.8495,0.0867,-0.0168
405,0.0,0.0,0.0,0.0,0.0,0.0,-0.0537,-0.8090,-0.5438,0.5257,-0.8444,0.0984,-0.0307
406,0.0,0.0,0.0,0.0,0.0,0.0,0.0108,-0.8114,-0.5631,0.5293,-0.8411,0.1042,-0.0393
407,0.0,0.0,0.0,0.0,0.0,0.0,0.0361,-0.7990,-0.5446,0.5289,-0.8412,0.1030,-0.0464
408,0.0,0.0,0.0,0.0,0.0,0.0,0.0191,-0.8640,-0.5393,0.5278,-0.8414,0.1026,-0.0543
409,0.0,0.0,0.0,0.0,0.0,0.0,0.0504,-0.8737,-0.5542,0.5269,-0.8416,0.1022,-0.0605
410,0.0,0.0,0.0,0.0,0.0,0.0,0.0373,-0.9027,-0.5707,0.5249,-0.8422,0.1046,-0.0650
411,0.0,0.0,0.0,0.0,0.0,0.0,0.0565,-0.9509,-0.5595,0.5247,-0.8417,0.1081,-0.0667
412,0.0,0.0,0.0,0.0,0.0,0.0,-0.0459,-0.8092,-0.5141,0.5263,-0.8396,0.1148,-0.0705
413,0.0,0.0,0.0,0.0,0.0,0.0,0.0510,-0.8760,-0.5776,0.5246,-0.8403,0.1165,-0.0719
414,0.0,0.0,0.0,0.0,0.0,0.0,0.1169,-0.9198,-0.5671,0.5239,-0.8408,0.1143,-0.0737
415,0.0,0.0,0.0,0.0,0.0,0.0,0.0421,-0.8538,-0.5461,0.5255,-0.8398,0.1125,-0.0766
416,0.0,0.0,0.0,0.0,0.0,0.0,0.0069,-0.8542,-0.5527,0.5257,-0.8395,0.1127,-0.0785
417,0.0,0.0,0.0,0.0,0.0,0.0,0.0237,-0.9061,-0.5654,0.5249,-0.8397,0.1145,-0.0789
418,0.0,0.0,0.0,0.0,0.0,0.0,0.0031,-0.8721,-0.5588,0.5241,-0.8397,0.1186,-0.0791
419,0.0,0.0,0.0,0.0,0.0,0.0,-0.0092,-0.8640,-0.5387,0.5222,-0.8402,0.1227,-0.0788
420,0.0,0.0,0.0,0.0,0.0,0.0,0.0012,-0.8882,-0.5542,0.5209,-0.8408,0.1249,-0.0782
421,0.0,0.0,0.0,0.0,0.0,0.0,0.0021,-0.8828,-0.5546,0.5221,-0.8400,0.1260,-0.0775
422,0.0,0.0,0.0,0.0,0.0,0.0,-0.0326,-0.8644,-0.5410,0.5240,-0.8384,0.1285,-0.0780
423,0.0,0.0,0.0,0.0,0.0,0.0,-0.0194,-0.8737,-0.5344,0.5253,-0.8371,0.1313,-0.0783
424,0.0,0.0,0.0,0.0,0.0,0.0,0.0173,-0.9009,-0.5477,0.5273,-0.8355,0.1343,-0.0768
425,0.0,0.0,0.0,0.0,0.0,0.0,0.0143,-0.8775,-0.5565,0.5299,-0.8333,0.1381,-0.0756
426,0.0,0.0,0.0,0.0,0.0,0.0,-0.0008,-0.8857,-0.5532,0.5318,-0.8314,0.1421,-0.0754
427,0.0,0.0,0.0,0.0,0.0,0.0,-0.0179,-0.8761,-0.5393,0.5341,-0.8296,0.1444,-0.0752
428,0.0,0.0,0.0,0.0,0.0,0.0,-0.0326,-0.8698,-0.5347,0.5359,-0.8284,0.1450,-0.0747
429,0.0,0.0,0.0,0.0,0.0,0.0,-0.0316,-0.8805,-0.5272,0.5373,-0.8280,0.1436,-0.0718
430,0.0,0.0,0.0,0.0,0.0,0.0,-0.0282,-0.8883,-0.5210,0.5392,-0.8273,0.1422,-0.0687
431,0.0,0.0,0.0,0.0,0.0,0.0,-0.0483,-0.8654,-0.5268,0.5415,-0.8261,0.1421,-0.0652
432,0.0,0.0,0.0,0.0,0.0,0.0,-0.0443,-0.8684,-0.5244,0.5430,-0.8257,0.1411,-0.0595
433,0.0,0.0,0.0,0.0,0.0,0.0,-0.0444,-0.8465,-0.5197,0.5443,-0.8254,0.1397,-0.0538
434,0.0,0.0,0.0,0.0,0.0,0.0,-0.0561,-0.8447,-0.5050,0.5451,-0.8252,0.1396,-0.0506
435,0.0,0.0,0.0,0.0,0.0,0.0,-0.0547,-0.8558,-0.5042,0.5454,-0.8256,0.1372,-0.0453
436,0.0,0.0,0.0,0.0,0.0,0.0,-0.0698,-0.8485,-0.5050,0.5469,-0.8253,0.1350,-0.0394
437,0.0,0.0,0.0,0.0,0.0,0.0,-0.0874,-0.8412,-0.5072,0.5478,-0.8251,0.1338,-0.0340
438,0.0,0.0,0.0,0.0,0.0,0.0,-0.0825,-0.8597,-0.5080,0.5474,-0.8259,0.1323,-0.0278
439,0.0,0.0,0.0,0.0,0.0,0.0,-0.0570,-0.8801,-0.5095,0.5472,-0.8265,0.1305,-0.0233
440,0.0,0.0,0.0,0.0,0.0,0.0,-0.0526,-0.8639,-0.5340,0.5461,-0.8274,0.1292,-0.0210
441,0.0,0.0,0.0,0.0,0.0,0.0,-0.0923,-0.8568,-0.5021,0.5452,-0.8281,0.1290,-0.0194
442,0.0,0.0,0.0,0.0,0.0,0.0,-0.0751,-0.8670,-0.5082,0.5438,-0.8293,0.1274,-0.0161
443,0.0,0.0,0.0,0.0,0.0,0.0,-0.0810,-0.8625,-0.5149,0.5432,-0.8299,0.1264,-0.0127
444,0.0,0.0,0.0,0.0,0.0,0.0,-0.0981,-0.8582,-0.4962,0.5449,-0.8287,0.1276,-0.0119
445,0.0,0.0,0.0,0.0,0.0,0.0,-0.0975,-0.8677,-0.5304,0.5453,-0.8284,0.1279,-0.0098
446,0.0,0.0,0.0,0.0,0.0,0.0,-0.0741,-0.8702,-0.5287,0.5441,-0.8294,0.1265,-0.0051
447,0.0,0.0,0.0,0.0,0.0,0.0,-0.1040,-0.8509,-0.5068,0.5439,-0.8296,0.1263,-0.0011
448,0.0,0.0,0.0,0.0,0.0,0.0,-0.1192,-0.8374,-0.4919,0.5459,-0.8282,0.1270,0.0020
449,0.0,0.0,0.0,0.0,0.0,0.0,-0.1175,-0.8735,-0.5368,0.5469,-0.8276,0.1263,0.0074
450,0.0,0.0,0.0,0.0,0.0,0.0,-0.1355,-0.9386,-0.5290,0.5459,-0.8283,0.1252,0.0133
451,0.0,0.0,0.0,0.0,0.0,0.0,-0.1239,-0.8732,-0.5066,0.5468,-0.8278,0.1244,0.0188
452,0.0,0.0,0.0,0.0,0.0,0.0,-0.1338,-0.8543,-0.5033,0.5481,-0.8270,0.1229,0.0253
453,0.0,0.0,0.0,0.0,0.0,0.0,-0.1381,-0.8815,-0.4959,0.5496,-0.8262,0.1197,0.0330
454,0.0,0.0,0.0,0.0,0.0,0.0,-0.1592,-0.8572,-0.4920,0.5525,-0.8243,0.1169,0.0410
455,0.0,0.0,0.0,0.0,0.0,0.0,-0.1766,-0.8900,-0.5260,0.5525,-0.8242,0.1144,0.0488
456,0.0,0.0,0.0,0.0,0.0,0.0,-0.2001,-0.8828,-0.5010,0.5519,-0.8242,0.1147,0.0541
457,0.0,0.0,0.0,0.0,0.0,0.0,-0.1695,-0.8056,-0.5129,0.5500,-0.8249,0.1157,0.0603
458,0.0,0.0,0.0,0.0,0.0,0.0,-0.1162,-0.7963,-0.5412,0.5467,-0.8267,0.1146,0.0667
459,0.0,0.0,0.0,0.0,0.0,0.0,-0.1161,-0.8200,-0.5519,0.5424,-0.8296,0.1121,0.0710
460,0.0,0.0,0.0,0.0,0.0,0.0,-0.1327,-0.8229,-0.5533,0.5382,-0.8323,0.1096,0.0744
461,0.0,0.0,0.0,0.0,0.0,0.0,-0.1478,-0.8310,-0.5694,0.5344,-0.8349,0.1075,0.0763
462,0.0,0.0,0.0,0.0,0.0,0.0,-0.1723,-0.8330,-0.5542,0.5311,-0.8372,0.1054,0.0772
463,0.0,0.0,0.0,0.0,0.0,0.0,-0.1923,-0.8184,-0.5509,0.5286,-0.8387,0.1060,0.0770
464,0.0,0.0,0.0,0.0,0.0,0.0,-0.1825,-0.8250,-0.5837,0.5268,-0.8396,0.1073,0.0776
465,0.0,0.0,0.0,0.0,0.0,0.0,-0.1571,-0.8343,-0.5850,0.5244,-0.8410,0.1067,0.0795
466,0.0,0.0,0.0,0.0,0.0,0.0,-0.1643,-0.8561,-0.5936,0.5218,-0.8429,0.1041,0.0793
467,0.0,0.0,0.0,0.0,0.0,0.0,-0.2039,-0.8604,-0.5852,0.5195,-0.8446,0.1023,0.0801
468,0.0,0.0,0.0,0.0,0.0,0.0,-0.2381,-0.8653,-0.5743,0.5175,-0.8456,0.1018,0.0823
469,0.0,0.0,0.0,0.0,0.0,0.0,-0.2175,-0.8589,-0.5865,0.5163,-0.8463,0.1006,0.0849
470,0.0,0.0,0.0,0.0,0.0,0.0,-0.2254,-0.8303,-0.5767,0.5171,-0.8456,0.1014,0.0856
471,0.0,0.0,0.0,0.0,0.0,0.0,-0.2269,-0.7968,-0.5805,0.5179,-0.8446,0.1026,0.0884
472,0.0,0.0,0.0,0.0,0.0,0.0,-0.2129,-0.7674,-0.5543,0.5194,-0.8434,0.1031,0.0905
473,0.0,0.0,0.0,0.0,0.0,0.0,-0.2172,-0.7921,-0.5649,0.5216,-0.8422,0.1039,0.0881
474,0.0,0.0,0.0,0.0,0.0,0.0,-0.2343,-0.8242,-0.5469,0.5274,-0.8386,0.1080,0.0835
475,0.0,0.0,0.0,0.0,0.0,0.0,-0.2480,-0.8159,-0.5515,0.5368,-0.8324,0.1167,0.0734
476,0.0,0.0,0.0,0.0,0.0,0.0,-0.3111,-0.8542,-0.4600,0.5502,-0.8225,0.1301,0.0624
477,0.0,0.0,0.0,0.0,0.0,0.0,-0.2367,-0.9499,-0.4674,0.5631,-0.8125,0.1389,0.0593
478,0.0,0.0,0.0,0.0,0.0,0.0,-0.1982,-0.9448,-0.4403,0.5766,-0.8017,0.1467,0.0568
479,0.0,0.0,0.0,0.0,0.0,0.0,-0.1923,-0.9467,-0.4501,0.5871,-0.7929,0.1533,0.0552
480,0.0,0.0,0.0,0.0,0.0,0.0,-0.2328,-0.9072,-0.4628,0.5931,-0.7876,0.1572,0.0568
481,0.0,0.0,0.0,0.0,0.0,0.0,-0.2247,-0.8701,-0.4349,0.5965,-0.7848,0.1579,0.0585
482,0.0,0.0,0.0,0.0,0.0,0.0,-0.1680,-0.8919,-0.4551,0.5974,-0.7843,0.1543,0.0646
483,0.0,0.0,0.0,0.0,0.0,0.0,-0.1533,-0.8676,-0.4620,0.5965,-0.7850,0.1515,0.0710
484,0.0,0.0,0.0,0.0,0.0,0.0,-0.1856,-0.8292,-0.4626,0.5928,-0.7878,0.1486,0.0765
485,0.0,0.0,0.0,0.0,0.0,0.0,-0.2994,-0.8889,-0.4193,0.5874,-0.7914,0.1507,0.0773
486,0.0,0.0,0.0,0.0,0.0,0.0,-0.3570,-0.9042,-0.3755,0.5853,-0.7914,0.1608,0.0723
487,0.0,0.0,0.0,0.0,0.0,0.0,-0.3137,-0.8343,-0.3871,0.5861,-0.7887,0.1730,0.0667
488,0.0,0.0,0.0,0.0,0.0,0.0,-0.2389,-0.8137,-0.4305,0.5845,-0.7887,0.1804,0.0620
489,0.0,0.0,0.0,0.0,0.0,0.0,-0.2052,-0.8248,-0.4571,0.5815,-0.7907,0.1819,0.0592
490,0.0,0.0,0.0,0.0,0.0,0.0,-0.1867,-0.8127,-0.4546,0.5784,-0.7937,0.1800,0.0567
491,0.0,0.0,0.0,0.0,0.0,0.0,-0.1988,-0.8268,-0.4504,0.5751,-0.7968,0.1764,0.0569
492,0.0,0.0,0.0,0.0,0.0,0.0,-0.1930,-0.8146,-0.4580,0.5724,-0.7993,0.1742,0.0555
493,0.0,0.0,0.0,0.0,0.0,0.0,-0.2414,-0.7938,-0.4340,0.5705,-0.8004,0.1769,0.0507
494,0.0,0.0,0.0,0.0,0.0,0.0,-0.2379,-0.8526,-0.4326,0.5694,-0.8006,0.1812,0.0444
495,0.0,0.0,0.0,0.0,0.0,0.0,-0.2276,-0.8685,-0.4500,0.5693,-0.7999,0.1861,0.0389
496,0.0,0.0,0.0,0.0,0.0,0.0,-0.2140,-0.8452,-0.4462,0.5692,-0.7998,0.1876,0.0353
497,0.0,0.0,0.0,0.0,0.0,0.0,-0.2002,-0.8637,-0.4520,0.5670,-0.8026,0.1820,0.0343
498,0.0,0.0,0.0,0.0,0.0,0.0,-0.1904,-0.9083,-0.4592,0.5657,-0.8054,0.1737,0.0343
499,0.0,0.0,0.0,0.0,0.0,0.0,-0.1860,-0.9249,-0.4497,0.5661,-0.8069,0.1650,0.0351
500,0.0,0.0,0.0,0.0,0.0,0.0,-0.1933,-0.9230,-0.4453,0.5673,-0.8073,0.1587,0.0351
501,0.0,0.0,0.0,0.0,0.0,0.0,-0.2006,-0.9303,-0.4371,0.5688,-0.8070,0.1553,0.0348
502,0.0,0.0,0.0,0.0,0.0,0.0,-0.2064,-0.9316,-0.4575,0.5696,-0.8064,0.1549,0.0354
503,0.0,0.0,0.0,0.0,0.0,0.0,-0.1981,-0.8906,-0.4924,0.5679,-0.8078,0.1534,0.0373
504,0.0,0.0,0.0,0.0,0.0,0.0,-0.2007,-0.8635,-0.4778,0.5633,-0.8119,0.1480,0.0391
505,0.0,0.0,0.0,0.0,0.0,0.0,-0.1914,-0.8553,-0.4811,0.5574,-0.8175,0.1386,0.0426
506,0.0,0.0,0.0,0.0,0.0,0.0,-0.1753,-0.8442,-0.4732,0.5536,-0.8215,0.1286,0.0468
507,0.0,0.0,0.0,0.0,0.0,0.0,-0.1786,-0.8829,-0.4850,0.5479,-0.8264,0.1187,0.0528
508,0.0,0.0,0.0,0.0,0.0,0.0,-0.1869,-0.9457,-0.4603,0.5464,-0.8280,0.1133,0.0547
509,0.0,0.0,0.0,0.0,0.0,0.0,-0.2015,-0.9348,-0.4878,0.5466,-0.8280,0.1150,0.0503
510,0.0,0.0,0.0,0.0,0.0,0.0,-0.1928,-0.9057,-0.4902,0.5479,-0.8268,0.1191,0.0461
511,0.0,0.0,0.0,0.0,0.0,0.0,-0.1675,-0.8568,-0.4773,0.5488,-0.8258,0.1232,0.0412
512,0.0,0.0,0.0,0.0,0.0,0.0,-0.1152,-0.8314,-0.5122,0.5472,-0.8271,0.1217,0.0400
513,0.0,0.0,0.0,0.0,0.0,0.0,-0.0932,-0.8634,-0.5270,0.5438,-0.8302,0.1154,0.0410
514,0.0,0.0,0.0,0.0,0.0,0.0,-0.1239,-0.8741,-0.5124,0.5417,-0.8325,0.1091,0.0399
515,0.0,0.0,0.0,0.0,0.0,0.0,-0.1493,-0.8623,-0.5286,0.5384,-0.8352,0.1045,0.0400
516,0.0,0.0,0.0,0.0,0.0,0.0,-0.1410,-0.8458,-0.5274,0.5347,-0.8378,0.1026,0.0411
517,0.0,0.0,0.0,0.0,0.0,0.0,-0.1294,-0.8215,-0.5333,0.5304,-0.8404,0.1021,0.0437
518,0.0,0.0,0.0,0.0,0.0,0.0,-0.1054,-0.8185,-0.5592,0.5254,-0.8435,0.1007,0.0480
519,0.0,0.0,0.0,0.0,0.0,0.0,-0.1273,-0.8067,-0.5735,0.5191,-0.8475,0.0965,0.0543
520,0.0,0.0,0.0,0.0,0.0,0.0,-0.1387,-0.7733,-0.5631,0.5130,-0.8515,0.0905,0.0599
521,0.0,0.0,0.0,0.0,0.0,0.0,-0.1425,-0.7868,-0.5716,0.5064,-0.8559,0.0817,0.0663
522,0.0,0.0,0.0,0.0,0.0,0.0,-0.1809,-0.8809,-0.5861,0.5015,-0.8589,0.0721,0.0749
523,0.0,0.0,0.0,0.0,0.0,0.0,-0.2360,-0.9680,-0.5329,0.5009,-0.8590,0.0678,0.0817
524,0.0,0.0,0.0,0.0,0.0,0.0,-0.2272,-0.9490,-0.5448,0.5031,-0.8573,0.0682,0.0858
525,0.0,0.0,0.0,0.0,0.0,0.0,-0.2068,-0.8590,-0.5754,0.5058,-0.8551,0.0708,0.0893
526,0.0,0.0,0.0,0.0,0.0,0.0,-0.2045,-0.8457,-0.5353,0.5106,-0.8518,0.0739,0.0910
527,0.0,0.0,0.0,0.0,0.0,0.0,-0.1756,-0.8387,-0.5742,0.5148,-0.8492,0.0743,0.0913
528,0.0,0.0,0.0,0.0,0.0,0.0,-0.1844,-0.8104,-0.5931,0.5182,-0.8472,0.0725,0.0923
529,0.0,0.0,0.0,0.0,0.0,0.0,-0.1772,-0.7867,-0.5806,0.5205,-0.8457,0.0696,0.0952
530,0.0,0.0,0.0,0.0,0.0,0.0,-0.1494,-0.7887,-0.5725,0.5205,-0.8455,0.0665,0.0986
531,0.0,0.0,0.0,0.0,0.0,0.0,-0.1625,-0.8180,-0.5535,0.5218,-0.8447,0.0663,0.0992
532,0.0,0.0,0.0,0.0,0.0,0.0,-0.2030,-0.8242,-0.5510,0.5241,-0.8432,0.0701,0.0973
533,0.0,0.0,0.0,0.0,0.0,0.0,-0.2001,-0.8325,-0.5472,0.5255,-0.8422,0.0736,0.0959
534,0.0,0.0,0.0,0.0,0.0,0.0,-0.2113,-0.8320,-0.5491,0.5266,-0.8414,0.0769,0.0942
535,0.0,0.0,0.0,0.0,0.0,0.0,-0.2109,-0.8189,-0.5513,0.5265,-0.8414,0.0770,0.0948
536,0.0,0.0,0.0,0.0,0.0,0.0,-0.2045,-0.8302,-0.5321,0.5279,-0.8405,0.0748,0.0957
537,0.0,0.0,0.0,0.0,0.0,0.0,-0.2079,-0.8277,-0.5359,0.5288,-0.8403,0.0721,0.0953
538,0.0,0.0,0.0,0.0,0.0,0.0,-0.2055,-0.8111,-0.5454,0.5292,-0.8402,0.0708,0.0943
539,0.0,0.0,0.0,0.0,0.0,0.0,-0.1918,-0.8364,-0.5527,0.5296,-0.8402,0.0704,0.0935
540,0.0,0.0,0.0,0.0,0.0,0.0,-0.1835,-0.8127,-0.5421,0.5292,-0.8405,0.0720,0.0913
541,0.0,0.0,0.0,0.0,0.0,0.0,-0.1850,-0.7941,-0.5583,0.5252,-0.8432,0.0732,0.0890
542,0.0,0.0,0.0,0.0,0.0,0.0,-0.1948,-0.8053,-0.5463,0.5205,-0.8463,0.0736,0.0866
543,0.0,0.0,0.0,0.0,0.0,0.0,-0.1942,-0.8709,-0.5392,0.5161,-0.8492,0.0721,0.0848
544,0.0,0.0,0.0,0.0,0.0,0.0,-0.2082,-0.9258,-0.5338,0.5146,-0.8503,0.0704,0.0850
545,0.0,0.0,0.0,0.0,0.0,0.0,-0.2498,-0.9111,-0.5391,0.5151,-0.8500,0.0712,0.0846
546,0.0,0.0,0.0,0.0,0.0,0.0,-0.2713,-0.8674,-0.5309,0.5179,-0.8480,0.0743,0.0850
547,0.0,0.0,0.0,0.0,0.0,0.0,-0.2279,-0.8344,-0.5452,0.5206,-0.8458,0.0766,0.0878
548,0.0,0.0,0.0,0.0,0.0,0.0,-0.1776,-0.8150,-0.5665,0.5213,-0.8448,0.0770,0.0924
549,0.0,0.0,0.0,0.0,0.0,0.0,-0.1640,-0.8179,-0.5666,0.5218,-0.8441,0.0763,0.0970
550,0.0,0.0,0.0,0.0,0.0,0.0,-0.1547,-0.8096,-0.5680,0.5226,-0.8436,0.0748,0.0985
551,0.0,0.0,0.0,0.0,0.0,0.0,-0.1728,-0.8175,-0.5544,0.5238,-0.8430,0.0734,0.0981
552,0.0,0.0,0.0,0.0,0.0,0.0,-0.1698,-0.8262,-0.5531,0.5250,-0.8424,0.0721,0.0978
553,0.0,0.0,0.0,0.0,0.0,0.0,-0.1820,-0.8432,-0.5504,0.5262,-0.8416,0.0718,0.0983
554,0.0,0.0,0.0,0.0,0.0,0.0,-0.1952,-0.8661,-0.5410,0.5269,-0.8409,0.0717,0.1003
555,0.0,0.0,0.0,0.0,0.0,0.0,-0.2010,-0.8539,-0.5471,0.5266,-0.8411,0.0714,0.1011
556,0.0,0.0,0.0,0.0,0.0,0.0,-0.2025,-0.8670,-0.5469,0.5264,-0.8413,0.0706,0.1005
557,0.0,0.0,0.0,0.0,0.0,0.0,-0.2235,-0.8499,-0.5518,0.5262,-0.8416,0.0703,0.0998
558,0.0,0.0,0.0,0.0,0.0,0.0,-0.2065,-0.8175,-0.5435,0.5264,-0.8414,0.0685,0.1016
559,0.0,0.0,0.0,0.0,0.0,0.0,-0.1776,-0.8329,-0.5639,0.5262,-0.8413,0.0645,0.1058
560,0.0,0.0,0.0,0.0,0.0,0.0,-0.1546,-0.8474,-0.5910,0.5247,-0.8423,0.0603,0.1073
561,0.0,0.0,0.0,0.0,0.0,0.0,-0.1776,-0.8232,-0.5642,0.5234,-0.8435,0.0583,0.1054
562,0.0,0.0,0.0,0.0,0.0,0.0,-0.1976,-0.8237,-0.5583,0.5208,-0.8453,0.0574,0.1041
563,0.0,0.0,0.0,0.0,0.0,0.0,-0.1899,-0.7820,-0.5605,0.5175,-0.8475,0.0582,0.1027
564,0.0,0.0,0.0,0.0,0.0,0.0,-0.1817,-0.7266,-0.5683,0.5133,-0.8502,0.0589,0.1011
565,0.0,0.0,0.0,0.0,0.0,0.0,-0.1220,-0.8024,-0.5642,0.5080,-0.8536,0.0539,0.1018
566,0.0,0.0,0.0,0.0,0.0,0.0,-0.0969,-0.8820,-0.5822,0.5062,-0.8551,0.0492,0.1011
567,0.0,0.0,0.0,0.0,0.0,0.0,-0.1399,-0.8382,-0.5929,0.5055,-0.8559,0.0478,0.0978
568,0.0,0.0,0.0,0.0,0.0,0.0,-0.1674,-0.7849,-0.5636,0.5060,-0.8561,0.0470,0.0939
569,0.0,0.0,0.0,0.0,0.0,0.0,-0.1494,-0.7684,-0.5697,0.5057,-0.8569,0.0465,0.0884
570,0.0,0.0,0.0,0.0,0.0,0.0,-0.1444,-0.8242,-0.5698,0.5079,-0.8561,0.0490,0.0822
571,0.0,0.0,0.0,0.0,0.0,0.0,-0.1737,-0.8296,-0.5541,0.5142,-0.8528,0.0552,0.0731
572,0.0,0.0,0.0,0.0,0.0,0.0,-0.1702,-0.8396,-0.5889,0.5187,-0.8504,0.0611,0.0636
573,0.0,0.0,0.0,0.0,0.0,0.0,-0.1478,-0.8330,-0.5543,0.5247,-0.8473,0.0683,0.0465
574,0.0,0.0,0.0,0.0,0.0,0.0,-0.1732,-0.8173,-0.5831,0.5288,-0.8447,0.0770,0.0296
575,0.0,0.0,0.0,0.0,0.0,0.0,-0.1419,-0.8640,-0.5681,0.5310,-0.8430,0.0830,0.0199
576,0.0,0.0,0.0,0.0,0.0,0.0,-0.1556,-0.8754,-0.5273,0.5347,-0.8401,0.0907,0.0076
577,0.0,0.0,0.0,0.0,0.0,0.0,-0.1512,-0.8749,-0.5312,0.5372,-0.8375,0.0999,-0.0038
578,0.0,0.0,0.0,0.0,0.0,0.0,-0.1434,-0.8769,-0.5352,0.5402,-0.8343,0.1090,-0.0138
579,0.0,0.0,0.0,0.0,0.0,0.0,-0.1242,-0.9419,-0.5404,0.5409,-0.8330,0.1152,-0.0198
580,0.0,0.0,0.0,0.0,0.0,0.0,-0.1292,-0.9412,-0.4931,0.5426,-0.8313,0.1189,-0.0211
581,0.0,0.0,0.0,0.0,0.0,0.0,-0.1429,-0.9033,-0.4968,0.5447,-0.8294,0.1218,-0.0217
582,0.0,0.0,0.0,0.0,0.0,0.0,-0.1494,-0.8747,-0.4880,0.5463,-0.8284,0.1221,-0.0194
583,0.0,0.0,0.0,0.0,0.0,0.0,-0.1347,-0.8582,-0.4951,0.5474,-0.8279,0.1210,-0.0172
584,0.0,0.0,0.0,0.0,0.0,0.0,-0.1362,-0.8485,-0.4920,0.5474,-0.8280,0.1204,-0.0146
585,0.0,0.0,0.0,0.0,0.0,0.0,-0.1275,-0.8170,-0.4919,0.5464,-0.8290,0.1192,-0.0085
586,0.0,0.0,0.0,0.0,0.0,0.0,-0.1212,-0.8141,-0.4909,0.5459,-0.8297,0.1168,0.0004
587,0.0,0.0,0.0,0.0,0.0,0.0,-0.1190,-0.9009,-0.5081,0.5456,-0.8303,0.1136,0.0101
588,0.0,0.0,0.0,0.0,0.0,0.0,-0.1501,-0.9425,-0.5222,0.5432,-0.8319,0.1123,0.0162
589,0.0,0.0,0.0,0.0,0.0,0.0,-0.1636,-0.8909,-0.4556,0.5432,-0.8318,0.1133,0.0182
590,0.0,0.0,0.0,0.0,0.0,0.0,-0.1440,-0.8816,-0.4755,0.5438,-0.8313,0.1134,0.0198
591,0.0,0.0,0.0,0.0,0.0,0.0,-0.1747,-0.9068,-0.4704,0.5462,-0.8295,0.1155,0.0160
592,0.0,0.0,0.0,0.0,0.0,0.0,-0.1571,-0.9029,-0.4855,0.5501,-0.8266,0.1185,0.0115
593,0.0,0.0,0.0,0.0,0.0,0.0,-0.1289,-0.8635,-0.5020,0.5554,-0.8224,0.1228,0.0047
594,0.0,0.0,0.0,0.0,0.0,0.0,-0.1520,-0.8127,-0.4655,0.5620,-0.8168,0.1304,-0.0048
595,0.0,0.0,0.0,0.0,0.0,0.0,-0.0482,-0.8818,-0.5465,0.5632,-0.8159,0.1308,-0.0064
596,0.0,0.0,0.0,0.0,0.0,0.0,-0.0613,-0.9330,-0.5128,0.5661,-0.8136,0.1323,-0.0100
597,0.0,0.0,0.0,0.0,0.0,0.0,-0.0976,-0.8826,-0.4908,0.5690,-0.8110,0.1353,-0.0144
598,0.0,0.0,0.0,0.0,0.0,0.0,-0.1010,-0.8924,-0.4686,0.5692,-0.8110,0.1344,-0.0140
599,0.0,0.0,0.0,0.0,0.0,0.0,-0.1128,-0.9038,-0.4250,0.5725,-0.8088,0.1336,-0.0160
600,0.0,0.0,0.0,0.0,0.0,0.0,-0.0585,-0.9480,-0.4436,0.5740,-0.8084,0.1297,-0.0141
601,0.0,0.0,0.0,0.0,0.0,0.0,-0.0282,-0.9687,-0.4679,0.5756,-0.8081,0.1246,-0.0091
602,0.0,0.0,0.0,0.0,0.0,0.0,-0.0478,-0.9246,-0.4515,0.5781,-0.8071,0.1201,-0.0038
603,0.0,0.0,0.0,0.0,0.0,0.0,-0.0752,-0.9107,-0.4175,0.5808,-0.8058,0.1159,0.0022
604,0.0,0.0,0.0,0.0,0.0,0.0,-0.0518,-0.9141,-0.4279,0.5836,-0.8044,0.1108,0.0098
605,0.0,0.0,0.0,0.0,0.0,0.0,-0.0664,-0.9256,-0.4422,0.5849,-0.8041,0.1047,0.0202
606,0.0,0.0,0.0,0.0,0.0,0.0,-0.1280,-0.8974,-0.4306,0.5855,-0.8041,0.0975,0.0347
607,0.0,0.0,0.0,0.0,0.0,0.0,-0.1684,-0.8992,-0.4528,0.5838,-0.8054,0.0899,0.0498
608,0.0,0.0,0.0,0.0,0.0,0.0,-0.1967,-0.9371,-0.4353,0.5836,-0.8053,0.0852,0.0604
609,0.0,0.0,0.0,0.0,0.0,0.0,-0.2094,-0.9370,-0.4474,0.5852,-0.8036,0.0845,0.0675
610,0.0,0.0,0.0,0.0,0.0,0.0,-0.1904,-0.9139,-0.4257,0.5869,-0.8020,0.0865,0.0702
611,0.0,0.0,0.0,0.0,0.0,0.0,-0.1480,-0.8818,-0.4443,0.5868,-0.8017,0.0857,0.0744
612,0.0,0.0,0.0,0.0,0.0,0.0,-0.1094,-0.8763,-0.4707,0.5854,-0.8027,0.0832,0.0782
613,0.0,0.0,0.0,0.0,0.0,0.0,-0.1553,-0.8974,-0.4334,0.5849,-0.8027,0.0842,0.0808
614,0.0,0.0,0.0,0.0,0.0,0.0,-0.1842,-0.8497,-0.4382,0.5854,-0.8020,0.0871,0.0806
615,0.0,0.0,0.0,0.0,0.0,0.0,-0.1935,-0.8575,-0.4247,0.5836,-0.8029,0.0888,0.0832
616,0.0,0.0,0.0,0.0,0.0,0.0,-0.1650,-0.9275,-0.4285,0.5834,-0.8028,0.0890,0.0850
617,0.0,0.0,0.0,0.0,0.0,0.0,-0.2022,-0.9461,-0.3854,0.5862,-0.8003,0.0915,0.0868
618,0.0,0.0,0.0,0.0,0.0,0.0,-0.2027,-0.9461,-0.3878,0.5920,-0.7957,0.0968,0.0844
619,0.0,0.0,0.0,0.0,0.0,0.0,-0.2144,-0.9009,-0.3971,0.5985,-0.7904,0.1021,0.0820
620,0.0,0.0,0.0,0.0,0.0,0.0,-0.2365,-0.8939,-0.3468,0.6092,-0.7815,0.1113,0.0751
621,0.0,0.0,0.0,0.0,0.0,0.0,-0.1998,-0.9116,-0.3930,0.6192,-0.7730,0.1192,0.0702
622,0.0,0.0,0.0,0.0,0.0,0.0,-0.2082,-0.9033,-0.3209,0.6294,-0.7635,0.1276,0.0675
623,0.0,0.0,0.0,0.0,0.0,0.0,-0.1780,-0.9258,-0.3000,0.6378,-0.7561,0.1315,0.0654
624,0.0,0.0,0.0,0.0,0.0,0.0,-0.1330,-0.9491,-0.3133,0.6429,-0.7519,0.1302,0.0666
625,0.0,0.0,0.0,0.0,0.0,0.0,-0.1213,-0.9130,-0.3449,0.6459,-0.7490,0.1297,0.0704
626,0.0,0.0,0.0,0.0,0.0,0.0,-0.1912,-0.8650,-0.3247,0.6466,-0.7475,0.1326,0.0741
627,0.0,0.0,0.0,0.0,0.0,0.0,-0.1761,-0.8479,-0.3468,0.6428,-0.7503,0.1315,0.0806
628,0.0,0.0,0.0,0.0,0.0,0.0,-0.1273,-0.8183,-0.3451,0.6406,-0.7528,0.1253,0.0857
629,0.0,0.0,0.0,0.0,0.0,0.0,-0.1228,-0.8288,-0.3837,0.6373,-0.7563,0.1147,0.0936
630,0.0,0.0,0.0,0.0,0.0,0.0,-0.1388,-0.9030,-0.3976,0.6319,-0.7613,0.1039,0.1012
631,0.0,0.0,0.0,0.0,0.0,0.0,-0.1961,-1.0091,-0.4118,0.6202,-0.7713,0.0932,0.1085
632,0.0,0.0,0.0,0.0,0.0,0.0,-0.2481,-1.1322,-0.1948,0.6101,-0.7794,0.0842,0.1149
633,0.0,0.0,0.0,0.0,0.0,0.0,-0.3760,-0.9937,-0.3361,0.5973,-0.7891,0.0818,0.1175
634,0.0,0.0,0.0,0.0,0.0,0.0,-0.4002,-0.9068,-0.2513,0.5874,-0.7964,0.0825,0.1179
635,0.0,0.0,0.0,0.0,0.0,0.0,-0.2956,-0.9006,-0.3466,0.5778,-0.8027,0.0804,0.1238
636,0.0,0.0,0.0,0.0,0.0,0.0,-0.2720,-0.9403,-0.3712,0.5750,-0.8042,0.0794,0.1279
637,0.0,0.0,0.0,0.0,0.0,0.0,-0.3501,-0.9371,-0.3844,0.5779,-0.8018,0.0928,0.1205
638,0.0,0.0,0.0,0.0,0.0,0.0,-0.3581,-0.8366,-0.3850,0.5807,-0.7991,0.1113,0.1092
639,0.0,0.0,0.0,0.0,0.0,0.0,-0.2976,-0.8334,-0.3687,0.5882,-0.7925,0.1301,0.0944
640,0.0,0.0,0.0,0.0,0.0,0.0,-0.2599,-0.8669,-0.3856,0.5986,-0.7834,0.1503,0.0737
641,0.0,0.0,0.0,0.0,0.0,0.0,-0.2161,-1.0006,-0.4451,0.6033,-0.7783,0.1643,0.0567
642,0.0,0.0,0.0,0.0,0.0,0.0,-0.2704,-0.9604,-0.4105,0.6121,-0.7691,0.1795,0.0399
643,0.0,0.0,0.0,0.0,0.0,0.0,-0.2366,-0.8140,-0.3853,0.6189,-0.7610,0.1925,0.0276
644,0.0,0.0,0.0,0.0,0.0,0.0,-0.2557,-0.7643,-0.4120,0.6184,-0.7593,0.2015,0.0214
645,0.0,0.0,0.0,0.0,0.0,0.0,-0.1984,-0.8578,-0.3833,0.6136,-0.7618,0.2065,0.0237
646,0.0,0.0,0.0,0.0,0.0,0.0,-0.0854,-0.9032,-0.4553,0.6052,-0.7688,0.2056,0.0218
647,0.0,0.0,0.0,0.0,0.0,0.0,-0.1867,-0.8617,-0.3757,0.5988,-0.7739,0.2050,0.0210
648,0.0,0.0,0.0,0.0,0.0,0.0,-0.2408,-0.9107,-0.3665,0.5961,-0.7764,0.2041,0.0169
649,0.0,0.0,0.0,0.0,0.0,0.0,-0.2115,-0.8741,-0.4190,0.5902,-0.7805,0.2057,0.0141
650,0.0,0.0,0.0,0.0,0.0,0.0,-0.1949,-0.8945,-0.4190,0.5847,-0.7839,0.2085,0.0097
651,0.0,0.0,0.0,0.0,0.0,0.0,-0.1949,-0.8950,-0.4137,0.5799,-0.7880,0.2065,0.0087
652,0.0,0.0,0.0,0.0,0.0,0.0,-0.2330,-0.8547,-0.4098,0.5747,-0.7919,0.2063,0.0066
653,0.0,0.0,0.0,0.0,0.0,0.0,-0.2320,-0.8740,-0.4262,0.5705,-0.7955,0.2043,0.0060
654,0.0,0.0,0.0,0.0,0.0,0.0,-0.2300,-0.8846,-0.4318,0.5682,-0.7981,0.2006,0.0051
655,0.0,0.0,0.0,0.0,0.0,0.0,-0.2085,-0.8957,-0.4462,0.5651,-0.8009,0.1978,0.0045
656,0.0,0.0,0.0,0.0,0.0,0.0,-0.1836,-0.8924,-0.4487,0.5627,-0.8033,0.1949,0.0038
657,0.0,0.0,0.0,0.0,0.0,0.0,-0.1650,-0.9190,-0.4595,0.5608,-0.8053,0.1920,0.0038
658,0.0,0.0,0.0,0.0,0.0,0.0,-0.2045,-0.9049,-0.4644,0.5604,-0.8058,0.1913,0.0028
659,0.0,0.0,0.0,0.0,0.0,0.0,-0.2236,-0.8805,-0.4726,0.5592,-0.8066,0.1914,0.0033
660,0.0,0.0,0.0,0.0,0.0,0.0,-0.1919,-0.8704,-0.4682,0.5588,-0.8074,0.1891,0.0053
661,0.0,0.0,0.0,0.0,0.0,0.0,-0.1870,-0.8440,-0.4926,0.5582,-0.8084,0.1867,0.0065
662,0.0,0.0,0.0,0.0,0.0,0.0,-0.1723,-0.8839,-0.4929,0.5562,-0.8106,0.1834,0.0063
663,0.0,0.0,0.0,0.0,0.0,0.0,-0.1616,-0.8839,-0.4885,0.5552,-0.8120,0.1800,0.0053
664,0.0,0.0,0.0,0.0,0.0,0.0,-0.1825,-0.8809,-0.4908,0.5541,-0.8132,0.1779,0.0052
665,0.0,0.0,0.0,0.0,0.0,0.0,-0.1708,-0.8693,-0.4941,0.5529,-0.8142,0.1771,0.0047
666,0.0,0.0,0.0,0.0,0.0,0.0,-0.1684,-0.8756,-0.5000,0.5523,-0.8147,0.1768,0.0039
667,0.0,0.0,0.0,0.0,0.0,0.0,-0.1249,-0.8790,-0.5149,0.5505,-0.8163,0.1749,0.0041
668,0.0,0.0,0.0,0.0,0.0,0.0,-0.1454,-0.8649,-0.5048,0.5488,-0.8178,0.1735,0.0039
669,0.0,0.0,0.0,0.0,0.0,0.0,-0.1259,-0.8586,-0.5121,0.5473,-0.8192,0.1714,0.0028
670,0.0,0.0,0.0,0.0,0.0,0.0,-0.1064,-0.8722,-0.5110,0.5455,-0.8211,0.1679,0.0020
671,0.0,0.0,0.0,0.0,0.0,0.0,-0.0844,-0.8941,-0.5110,0.5444,-0.8227,0.1637,0.0021
672,0.0,0.0,0.0,0.0,0.0,0.0,-0.0565,-0.9044,-0.5012,0.5453,-0.8228,0.1603,0.0007
673,0.0,0.0,0.0,0.0,0.0,0.0,-0.0414,-0.9191,-0.4864,0.5485,-0.8212,0.1577,-0.0020
674,0.0,0.0,0.0,0.0,0.0,0.0,-0.0795,-0.9187,-0.4556,0.5558,-0.8167,0.1553,-0.0041
675,0.0,0.0,0.0,0.0,0.0,0.0,-0.1205,-0.9045,-0.4702,0.5634,-0.8118,0.1530,-0.0054
676,0.0,0.0,0.0,0.0,0.0,0.0,-0.1787,-0.8629,-0.5002,0.5662,-0.8103,0.1511,-0.0039
677,0.0,0.0,0.0,0.0,0.0,0.0,-0.1542,-0.8921,-0.4946,0.5652,-0.8120,0.1453,0.0011
678,0.0,0.0,0.0,0.0,0.0,0.0,-0.1171,-0.8844,-0.4985,0.5620,-0.8156,0.1380,0.0052
679,0.0,0.0,0.0,0.0,0.0,0.0,-0.1315,-0.8474,-0.4390,0.5605,-0.8174,0.1333,0.0051
680,0.0,0.0,0.0,0.0,0.0,0.0,-0.0732,-0.8759,-0.4699,0.5577,-0.8205,0.1253,0.0097
681,0.0,0.0,0.0,0.0,0.0,0.0,-0.0864,-0.8769,-0.4621,0.5545,-0.8238,0.1168,0.0173
682,0.0,0.0,0.0,0.0,0.0,0.0,-0.1637,-0.8761,-0.4135,0.5537,-0.8246,0.1126,0.0274
683,0.0,0.0,0.0,0.0,0.0,0.0,-0.1279,-0.8890,-0.4567,0.5587,-0.8213,0.1090,0.0375
684,0.0,0.0,0.0,0.0,0.0,0.0,-0.0809,-0.8871,-0.5494,0.5623,-0.8195,0.0999,0.0478
685,0.0,0.0,0.0,0.0,0.0,0.0,-0.0823,-0.8685,-0.5738,0.5630,-0.8197,0.0860,0.0612
686,0.0,0.0,0.0,0.0,0.0,0.0,-0.1312,-0.8833,-0.5145,0.5613,-0.8213,0.0704,0.0741
687,0.0,0.0,0.0,0.0,0.0,0.0,-0.2215,-0.9807,-0.4379,0.5553,-0.8255,0.0591,0.0823
688,0.0,0.0,0.0,0.0,0.0,0.0,-0.1971,-0.9612,-0.4635,0.5483,-0.8300,0.0518,0.0887
689,0.0,0.0,0.0,0.0,0.0,0.0,-0.1674,-0.9004,-0.4888,0.5423,-0.8338,0.0466,0.0926
690,0.0,0.0,0.0,0.0,0.0,0.0,-0.1933,-0.9156,-0.4564,0.5390,-0.8356,0.0461,0.0960
691,0.0,0.0,0.0,0.0,0.0,0.0,-0.2063,-0.9352,-0.4999,0.5392,-0.8352,0.0488,0.0971
692,0.0,0.0,0.0,0.0,0.0,0.0,-0.2338,-0.9023,-0.4763,0.5423,-0.8330,0.0534,0.0954
693,0.0,0.0,0.0,0.0,0.0,0.0,-0.2148,-0.8713,-0.4793,0.5477,-0.8293,0.0587,0.0940
694,0.0,0.0,0.0,0.0,0.0,0.0,-0.1581,-0.8746,-0.4957,0.5528,-0.8258,0.0624,0.0927
695,0.0,0.0,0.0,0.0,0.0,0.0,-0.1405,-0.8623,-0.5340,0.5594,-0.8213,0.0664,0.0904
696,0.0,0.0,0.0,0.0,0.0,0.0,-0.1323,-0.8488,-0.5207,0.5661,-0.8165,0.0690,0.0895
697,0.0,0.0,0.0,0.0,0.0,0.0,-0.1509,-0.8412,-0.4898,0.5712,-0.8126,0.0713,0.0907
698,0.0,0.0,0.0,0.0,0.0,0.0,-0.1651,-0.8339,-0.4808,0.5741,-0.8101,0.0741,0.0926
699,0.0,0.0,0.0,0.0,0.0,0.0,-0.2174,-0.8379,-0.4514,0.5767,-0.8077,0.0799,0.0930
700,0.0,0.0,0.0,0.0,0.0,0.0,-0.2062,-0.8239,-0.4459,0.5774,-0.8068,0.0846,0.0923
701,0.0,0.0,0.0,0.0,0.0,0.0,-0.1979,-0.8478,-0.4308,0.5765,-0.8073,0.0875,0.0908
702,0.0,0.0,0.0,0.0,0.0,0.0,-0.2012,-0.8924,-0.4408,0.5759,-0.8078,0.0895,0.0884
703,0.0,0.0,0.0,0.0,0.0,0.0,-0.1953,-0.8977,-0.4526,0.5757,-0.8083,0.0890,0.0861
704,0.0,0.0,0.0,0.0,0.0,0.0,-0.2198,-0.8725,-0.4277,0.5764,-0.8081,0.0898,0.0813
705,0.0,0.0,0.0,0.0,0.0,0.0,-0.2110,-0.8690,-0.4525,0.5753,-0.8090,0.0907,0.0796
706,0.0,0.0,0.0,0.0,0.0,0.0,-0.1861,-0.8511,-0.4562,0.5737,-0.8102,0.0904,0.0794
707,0.0,0.0,0.0,0.0,0.0,0.0,-0.1978,-0.8287,-0.4587,0.5713,-0.8121,0.0901,0.0772
708,0.0,0.0,0.0,0.0,0.0,0.0,-0.2032,-0.8471,-0.4590,0.5679,-0.8148,0.0890,0.0757
709,0.0,0.0,0.0,0.0,0.0,0.0,-0.1992,-0.9153,-0.4252,0.5643,-0.8175,0.0859,0.0764
710,0.0,0.0,0.0,0.0,0.0,0.0,-0.2152,-0.9794,-0.4209,0.5622,-0.8192,0.0830,0.0772
711,0.0,0.0,0.0,0.0,0.0,0.0,-0.2357,-0.9325,-0.4535,0.5608,-0.8202,0.0826,0.0777
712,0.0,0.0,0.0,0.0,0.0,0.0,-0.2212,-0.8851,-0.4416,0.5596,-0.8209,0.0824,0.0783
713,0.0,0.0,0.0,0.0,0.0,0.0,-0.2031,-0.8864,-0.4626,0.5582,-0.8220,0.0816,0.0781
714,0.0,0.0,0.0,0.0,0.0,0.0,-0.1855,-0.8923,-0.4638,0.5585,-0.8219,0.0825,0.0757
715,0.0,0.0,0.0,0.0,0.0,0.0,-0.1967,-0.8820,-0.4737,0.5590,-0.8216,0.0843,0.0736
716,0.0,0.0,0.0,0.0,0.0,0.0,-0.1626,-0.8522,-0.5069,0.5567,-0.8230,0.0837,0.0756
717,0.0,0.0,0.0,0.0,0.0,0.0,-0.1426,-0.8072,-0.4975,0.5553,-0.8242,0.0828,0.0743
718,0.0,0.0,0.0,0.0,0.0,0.0,-0.1636,-0.8319,-0.4935,0.5537,-0.8255,0.0823,0.0722
719,0.0,0.0,0.0,0.0,0.0,0.0,-0.1644,-0.8862,-0.5066,0.5524,-0.8265,0.0821,0.0711
720,0.0,0.0,0.0,0.0,0.0,0.0,-0.1708,-0.8970,-0.4970,0.5517,-0.8270,0.0828,0.0691
721,0.0,0.0,0.0,0.0,0.0,0.0,-0.1855,-0.8887,-0.4880,0.5519,-0.8271,0.0839,0.0660
722,0.0,0.0,0.0,0.0,0.0,0.0,-0.1766,-0.9032,-0.5053,0.5521,-0.8270,0.0847,0.0647
723,0.0,0.0,0.0,0.0,0.0,0.0,-0.1918,-0.8834,-0.4811,0.5540,-0.8256,0.0868,0.0619
724,0.0,0.0,0.0,0.0,0.0,0.0,-0.1860,-0.8532,-0.5059,0.5544,-0.8254,0.0876,0.0604
725,0.0,0.0,0.0,0.0,0.0,0.0,-0.1450,-0.8328,-0.5218,0.5518,-0.8275,0.0849,0.0591
726,0.0,0.0,0.0,0.0,0.0,0.0,-0.1235,-0.8241,-0.5227,0.5493,-0.8296,0.0811,0.0592
727,0.0,0.0,0.0,0.0,0.0,0.0,-0.1162,-0.8255,-0.5233,0.5468,-0.8316,0.0771,0.0587
728,0.0,0.0,0.0,0.0,0.0,0.0,-0.1411,-0.8157,-0.5351,0.5426,-0.8349,0.0751,0.0537
729,0.0,0.0,0.0,0.0,0.0,0.0,-0.1411,-0.7968,-0.5275,0.5364,-0.8393,0.0720,0.0529
730,0.0,0.0,0.0,0.0,0.0,0.0,-0.1156,-0.8663,-0.5235,0.5287,-0.8443,0.0674,0.0552
731,0.0,0.0,0.0,0.0,0.0,0.0,-0.1157,-0.9340,-0.4124,0.5267,-0.8458,0.0645,0.0548
732,0.0,0.0,0.0,0.0,0.0,0.0,-0.2124,-0.8996,-0.4414,0.5309,-0.8432,0.0703,0.0458
733,0.0,0.0,0.0,0.0,0.0,0.0,-0.2175,-0.9370,-0.5164,0.5352,-0.8404,0.0771,0.0369
734,0.0,0.0,0.0,0.0,0.0,0.0,-0.2014,-0.9370,-0.5291,0.5410,-0.8362,0.0863,0.0254
735,0.0,0.0,0.0,0.0,0.0,0.0,-0.2114,-0.8410,-0.5109,0.5507,-0.8285,0.1013,0.0071
736,0.0,0.0,0.0,0.0,0.0,0.0,-0.1884,-0.8482,-0.5242,0.5557,-0.8243,0.1088,-0.0013
737,0.0,0.0,0.0,0.0,0.0,0.0,-0.0145,-0.9562,-0.4634,0.5585,-0.8229,0.1045,-0.0015
738,0.0,0.0,0.0,0.0,0.0,0.0,-0.0370,-0.9095,-0.4756,0.5631,-0.8199,0.1033,-0.0053
739,0.0,0.0,0.0,0.0,0.0,0.0,-0.0786,-0.8954,-0.4532,0.5665,-0.8173,0.1049,-0.0097
740,0.0,0.0,0.0,0.0,0.0,0.0,-0.0704,-0.8384,-0.4878,0.5663,-0.8171,0.1068,-0.0119
741,0.0,0.0,0.0,0.0,0.0,0.0,-0.0865,-0.8176,-0.4776,0.5655,-0.8172,0.1105,-0.0140
742,0.0,0.0,0.0,0.0,0.0,0.0,-0.0542,-0.8861,-0.4814,0.5627,-0.8186,0.1139,-0.0156
743,0.0,0.0,0.0,0.0,0.0,0.0,-0.0244,-0.8807,-0.4907,0.5598,-0.8202,0.1167,-0.0167
744,0.0,0.0,0.0,0.0,0.0,0.0,-0.0327,-0.8765,-0.4731,0.5579,-0.8211,0.1189,-0.0172
745,0.0,0.0,0.0,0.0,0.0,0.0,-0.0249,-0.8930,-0.4715,0.5566,-0.8220,0.1191,-0.0176
746,0.0,0.0,0.0,0.0,0.0,0.0,-0.0415,-0.8983,-0.4686,0.5562,-0.8224,0.1184,-0.0182
747,0.0,0.0,0.0,0.0,0.0,0.0,-0.0609,-0.9450,-0.4600,0.5578,-0.8218,0.1155,-0.0145
748,0.0,0.0,0.0,0.0,0.0,0.0,-0.0633,-0.9574,-0.4797,0.5618,-0.8200,0.1093,-0.0062
749,0.0,0.0,0.0,0.0,0.0,0.0,-0.0711,-0.9009,-0.5171,0.5622,-0.8210,0.0998,0.0054
750,0.0,0.0,0.0,0.0,0.0,0.0,-0.0970,-0.8765,-0.5287,0.5580,-0.8249,0.0892,0.0165
751,0.0,0.0,0.0,0.0,0.0,0.0,-0.1416,-0.8313,-0.5266,0.5497,-0.8312,0.0791,0.0276
752,0.0,0.0,0.0,0.0,0.0,0.0,-0.1548,-0.8119,-0.5204,0.5342,-0.8417,0.0679,0.0408
753,0.0,0.0,0.0,0.0,0.0,0.0,-0.1397,-0.8774,-0.4463,0.5259,-0.8469,0.0591,0.0518
754,0.0,0.0,0.0,0.0,0.0,0.0,-0.1742,-0.8964,-0.5130,0.5223,-0.8488,0.0554,0.0601
755,0.0,0.0,0.0,0.0,0.0,0.0,-0.1839,-0.9334,-0.4874,0.5237,-0.8476,0.0564,0.0644
756,0.0,0.0,0.0,0.0,0.0,0.0,-0.1535,-0.9559,-0.5429,0.5251,-0.8463,0.0576,0.0681
757,0.0,0.0,0.0,0.0,0.0,0.0,-0.1477,-0.8840,-0.5621,0.5277,-0.8444,0.0595,0.0712
758,0.0,0.0,0.0,0.0,0.0,0.0,-0.1503,-0.8292,-0.5494,0.5297,-0.8429,0.0596,0.0737
759,0.0,0.0,0.0,0.0,0.0,0.0,-0.1204,-0.8567,-0.5802,0.5281,-0.8438,0.0532,0.0788
760,0.0,0.0,0.0,0.0,0.0,0.0,-0.1269,-0.8331,-0.5472,0.5287,-0.8435,0.0479,0.0817
761,0.0,0.0,0.0,0.0,0.0,0.0,-0.1498,-0.8253,-0.5527,0.5292,-0.8429,0.0446,0.0865
762,0.0,0.0,0.0,0.0,0.0,0.0,-0.1591,-0.8370,-0.5383,0.5281,-0.8431,0.0421,0.0920
763,0.0,0.0,0.0,0.0,0.0,0.0,-0.1664,-0.8520,-0.5405,0.5287,-0.8424,0.0422,0.0951
764,0.0,0.0,0.0,0.0,0.0,0.0,-0.1767,-0.8278,-0.5317,0.5304,-0.8410,0.0443,0.0968
765,0.0,0.0,0.0,0.0,0.0,0.0,-0.1679,-0.8234,-0.5361,0.5313,-0.8402,0.0443,0.0993
766,0.0,0.0,0.0,0.0,0.0,0.0,-0.1527,-0.8331,-0.5495,0.5321,-0.8393,0.0414,0.1036
767,0.0,0.0,0.0,0.0,0.0,0.0,-0.1762,-0.8355,-0.5362,0.5335,-0.8382,0.0396,0.1056
768,0.0,0.0,0.0,0.0,0.0,0.0,-0.1792,-0.8205,-0.5257,0.5348,-0.8375,0.0385,0.1058
769,0.0,0.0,0.0,0.0,0.0,0.0,-0.1894,-0.8243,-0.5365,0.5348,-0.8375,0.0391,0.1053
770,0.0,0.0,0.0,0.0,0.0,0.0,-0.1518,-0.8035,-0.5460,0.5336,-0.8383,0.0396,0.1049
771,0.0,0.0,0.0,0.0,0.0,0.0,-0.1660,-0.8041,-0.5139,0.5355,-0.8373,0.0415,0.1018
772,0.0,0.0,0.0,0.0,0.0,0.0,-0.1795,-0.8817,-0.5351,0.5365,-0.8368,0.0419,0.1009
773,0.0,0.0,0.0,0.0,0.0,0.0,-0.2059,-0.8845,-0.5345,0.5373,-0.8363,0.0433,0.1004
774,0.0,0.0,0.0,0.0,0.0,0.0,-0.1903,-0.8350,-0.5376,0.5367,-0.8365,0.0425,0.1021
775,0.0,0.0,0.0,0.0,0.0,0.0,-0.1796,-0.8044,-0.5449,0.5329,-0.8386,0.0386,0.1059
776,0.0,0.0,0.0,0.0,0.0,0.0,-0.1708,-0.8185,-0.5472,0.5279,-0.8417,0.0336,0.1086
777,0.0,0.0,0.0,0.0,0.0,0.0,-0.1894,-0.8263,-0.5345,0.5244,-0.8439,0.0304,0.1092
778,0.0,0.0,0.0,0.0,0.0,0.0,-0.1932,-0.8743,-0.5412,0.5197,-0.8468,0.0276,0.1098
779,0.0,0.0,0.0,0.0,0.0,0.0,-0.2234,-0.8882,-0.5578,0.5138,-0.8501,0.0277,0.1117
780,0.0,0.0,0.0,0.0,0.0,0.0,-0.2265,-0.7872,-0.5691,0.5091,-0.8529,0.0306,0.1116
781,0.0,0.0,0.0,0.0,0.0,0.0,-0.2324,-0.7244,-0.5840,0.5022,-0.8570,0.0324,0.1109
782,0.0,0.0,0.0,0.0,0.0,0.0,-0.2300,-0.7371,-0.5872,0.4930,-0.8624,0.0303,0.1107
783,0.0,0.0,0.0,0.0,0.0,0.0,-0.2434,-0.8262,-0.6062,0.4837,-0.8677,0.0256,0.1114
784,0.0,0.0,0.0,0.0,0.0,0.0,-0.2190,-0.8130,-0.6299,0.4761,-0.8718,0.0215,0.1133
785,0.0,0.0,0.0,0.0,0.0,0.0,-0.1786,-0.7656,-0.6186,0.4688,-0.8755,0.0170,0.1163
786,0.0,0.0,0.0,0.0,0.0,0.0,-0.1752,-0.7662,-0.6046,0.4647,-0.8775,0.0148,0.1171
787,0.0,0.0,0.0,0.0,0.0,0.0,-0.1508,-0.7267,-0.6390,0.4639,-0.8783,0.0158,0.1145
788,0.0,0.0,0.0,0.0,0.0,0.0,-0.1472,-0.7443,-0.6958,0.4610,-0.8799,0.0151,0.1144
789,0.0,0.0,0.0,0.0,0.0,0.0,-0.1300,-0.8499,-0.6627,0.4605,-0.8799,0.0139,0.1160
790,0.0,0.0,0.0,0.0,0.0,0.0,-0.1666,-0.8562,-0.6553,0.4645,-0.8779,0.0182,0.1148
791,0.0,0.0,0.0,0.0,0.0,0.0,-0.2063,-0.8003,-0.6492,0.4688,-0.8758,0.0246,0.1122
792,0.0,0.0,0.0,0.0,0.0,0.0,-0.1882,-0.8377,-0.6495,0.4730,-0.8742,0.0284,0.1064
793,0.0,0.0,0.0,0.0,0.0,0.0,-0.1740,-0.8476,-0.6264,0.4809,-0.8706,0.0330,0.0982
794,0.0,0.0,0.0,0.0,0.0,0.0,-0.2121,-0.8694,-0.6305,0.4925,-0.8647,0.0415,0.0896
795,0.0,0.0,0.0,0.0,0.0,0.0,-0.2146,-0.8418,-0.6135,0.5049,-0.8578,0.0503,0.0820
796,0.0,0.0,0.0,0.0,0.0,0.0,-0.2099,-0.7818,-0.5823,0.5171,-0.8509,0.0587,0.0716
797,0.0,0.0,0.0,0.0,0.0,0.0,-0.1307,-0.7773,-0.6157,0.5232,-0.8474,0.0615,0.0658
798,0.0,0.0,0.0,0.0,0.0,0.0,-0.1132,-0.8069,-0.5570,0.5283,-0.8445,0.0632,0.0614
799,0.0,0.0,0.0,0.0,0.0,0.0,-0.1455,-0.8040,-0.5397,0.5315,-0.8425,0.0658,0.0588
800,0.0,0.0,0.0,0.0,0.0,0.0,-0.0947,-0.8162,-0.5373,0.5326,-0.8418,0.0658,0.0578
801,0.0,0.0,0.0,0.0,0.0,0.0,-0.1338,-0.7852,-0.5229,0.5346,-0.8407,0.0678,0.0534
802,0.0,0.0,0.0,0.0,0.0,0.0,-0.1572,-0.8099,-0.5305,0.5341,-0.8411,0.0681,0.0513
803,0.0,0.0,0.0,0.0,0.0,0.0,-0.1566,-0.8692,-0.5185,0.5320,-0.8426,0.0669,0.0501
804,0.0,0.0,0.0,0.0,0.0,0.0,-0.1311,-0.9094,-0.5359,0.5308,-0.8435,0.0637,0.0520
805,0.0,0.0,0.0,0.0,0.0,0.0,-0.1400,-0.9247,-0.4904,0.5337,-0.8419,0.0623,0.0499
806,0.0,0.0,0.0,0.0,0.0,0.0,-0.2030,-0.9223,-0.4793,0.5386,-0.8390,0.0639,0.0430
807,0.0,0.0,0.0,0.0,0.0,0.0,-0.2005,-0.9577,-0.4755,0.5426,-0.8365,0.0654,0.0400
808,0.0,0.0,0.0,0.0,0.0,0.0,-0.1810,-0.9530,-0.4658,0.5492,-0.8319,0.0694,0.0400
809,0.0,0.0,0.0,0.0,0.0,0.0,-0.1230,-0.8484,-0.5178,0.5542,-0.8281,0.0721,0.0430
810,0.0,0.0,0.0,0.0,0.0,0.0,-0.1065,-0.8008,-0.5205,0.5565,-0.8264,0.0738,0.0439
811,0.0,0.0,0.0,0.0,0.0,0.0,-0.0947,-0.8407,-0.5149,0.5574,-0.8259,0.0732,0.0431
812,0.0,0.0,0.0,0.0,0.0,0.0,-0.1134,-0.8146,-0.4784,0.5607,-0.8237,0.0751,0.0381
813,0.0,0.0,0.0,0.0,0.0,0.0,-0.1171,-0.8503,-0.5125,0.5617,-0.8231,0.0769,0.0331
814,0.0,0.0,0.0,0.0,0.0,0.0,-0.1040,-0.8446,-0.4960,0.5629,-0.8221,0.0793,0.0301
815,0.0,0.0,0.0,0.0,0.0,0.0,-0.1148,-0.8516,-0.4741,0.5646,-0.8207,0.0839,0.0234
816,0.0,0.0,0.0,0.0,0.0,0.0,-0.1230,-0.8802,-0.4795,0.5646,-0.8204,0.0894,0.0147
817,0.0,0.0,0.0,0.0,0.0,0.0,-0.0838,-0.9588,-0.4859,0.5641,-0.8206,0.0907,0.0113
818,0.0,0.0,0.0,0.0,0.0,0.0,-0.1128,-0.8871,-0.4548,0.5683,-0.8176,0.0922,0.0108
819,0.0,0.0,0.0,0.0,0.0,0.0,-0.0998,-0.8353,-0.4394,0.5708,-0.8156,0.0944,0.0100
820,0.0,0.0,0.0,0.0,0.0,0.0,-0.1041,-0.8415,-0.4512,0.5703,-0.8158,0.0953,0.0121
821,0.0,0.0,0.0,0.0,0.0,0.0,-0.0650,-0.8428,-0.4903,0.5664,-0.8186,0.0930,0.0192
822,0.0,0.0,0.0,0.0,0.0,0.0,-0.0454,-0.8485,-0.5144,0.5628,-0.8214,0.0884,0.0287
823,0.0,0.0,0.0,0.0,0.0,0.0,-0.0663,-0.8669,-0.5199,0.5580,-0.8248,0.0831,0.0379
824,0.0,0.0,0.0,0.0,0.0,0.0,-0.0477,-0.9028,-0.5279,0.5524,-0.8288,0.0758,0.0469
825,0.0,0.0,0.0,0.0,0.0,0.0,-0.0638,-0.9488,-0.4674,0.5480,-0.8319,0.0691,0.0532
826,0.0,0.0,0.0,0.0,0.0,0.0,-0.1572,-0.9616,-0.4165,0.5474,-0.8323,0.0656,0.0579
827,0.0,0.0,0.0,0.0,0.0,0.0,-0.2294,-0.9037,-0.4817,0.5468,-0.8325,0.0655,0.0604
828,0.0,0.0,0.0,0.0,0.0,0.0,-0.2113,-0.8989,-0.4778,0.5488,-0.8310,0.0659,0.0618
829,0.0,0.0,0.0,0.0,0.0,0.0,-0.1982,-0.9233,-0.4599,0.5520,-0.8288,0.0657,0.0643
830,0.0,0.0,0.0,0.0,0.0,0.0,-0.1825,-0.9125,-0.4919,0.5568,-0.8255,0.0677,0.0624
831,0.0,0.0,0.0,0.0,0.0,0.0,-0.1615,-0.8770,-0.5050,0.5614,-0.8224,0.0704,0.0595
832,0.0,0.0,0.0,0.0,0.0,0.0,-0.1666,-0.8462,-0.4674,0.5675,-0.8182,0.0740,0.0543
833,0.0,0.0,0.0,0.0,0.0,0.0,-0.1356,-0.8438,-0.5478,0.5692,-0.8172,0.0767,0.0481
834,0.0,0.0,0.0,0.0,0.0,0.0,-0.0908,-0.8198,-0.5204,0.5664,-0.8193,0.0780,0.0425
835,0.0,0.0,0.0,0.0,0.0,0.0,-0.1129,-0.7927,-0.4945,0.5642,-0.8208,0.0831,0.0332
836,0.0,0.0,0.0,0.0,0.0,0.0,-0.1396,-0.8719,-0.4768,0.5594,-0.8237,0.0894,0.0231
837,0.0,0.0,0.0,0.0,0.0,0.0,-0.0853,-0.9146,-0.4973,0.5570,-0.8251,0.0933,0.0160
838,0.0,0.0,0.0,0.0,0.0,0.0,-0.0614,-0.8952,-0.4922,0.5561,-0.8254,0.0962,0.0115
839,0.0,0.0,0.0,0.0,0.0,0.0,-0.0879,-0.8472,-0.4869,0.5547,-0.8263,0.0972,0.0089
840,0.0,0.0,0.0,0.0,0.0,0.0,-0.0820,-0.8603,-0.4784,0.5521,-0.8281,0.0963,0.0075
841,0.0,0.0,0.0,0.0,0.0,0.0,-0.1001,-0.8602,-0.4919,0.5505,-0.8294,0.0948,0.0050
842,0.0,0.0,0.0,0.0,0.0,0.0,-0.0824,-0.8785,-0.5171,0.5471,-0.8320,0.0912,0.0060
843,0.0,0.0,0.0,0.0,0.0,0.0,-0.0810,-0.8820,-0.5036,0.5444,-0.8342,0.0879,0.0064
844,0.0,0.0,0.0,0.0,0.0,0.0,-0.0927,-0.8761,-0.5117,0.5409,-0.8367,0.0853,0.0071
845,0.0,0.0,0.0,0.0,0.0,0.0,-0.0863,-0.8892,-0.5212,0.5375,-0.8391,0.0827,0.0099
846,0.0,0.0,0.0,0.0,0.0,0.0,-0.1151,-0.8960,-0.5056,0.5353,-0.8406,0.0819,0.0110
847,0.0,0.0,0.0,0.0,0.0,0.0,-0.1180,-0.9163,-0.5234,0.5331,-0.8420,0.0819,0.0132
848,0.0,0.0,0.0,0.0,0.0,0.0,-0.0941,-0.8964,-0.5315,0.5318,-0.8428,0.0815,0.0135
849,0.0,0.0,0.0,0.0,0.0,0.0,-0.1126,-0.8847,-0.5307,0.5310,-0.8433,0.0820,0.0131
850,0.0,0.0,0.0,0.0,0.0,0.0,-0.0926,-0.8779,-0.5418,0.5309,-0.8434,0.0815,0.0137
851,0.0,0.0,0.0,0.0,0.0,0.0,-0.0770,-0.8876,-0.5523,0.5308,-0.8435,0.0811,0.0131
852,0.0,0.0,0.0,0.0,0.0,0.0,-0.0604,-0.8734,-0.5619,0.5297,-0.8442,0.0803,0.0129
853,0.0,0.0,0.0,0.0,0.0,0.0,-0.0770,-0.8658,-0.5446,0.5290,-0.8447,0.0804,0.0126
854,0.0,0.0,0.0,0.0,0.0,0.0,-0.0912,-0.8522,-0.5273,0.5298,-0.8440,0.0823,0.0112
855,0.0,0.0,0.0,0.0,0.0,0.0,-0.0878,-0.8517,-0.5365,0.5311,-0.8431,0.0841,0.0109
856,0.0,0.0,0.0,0.0,0.0,0.0,-0.0682,-0.8657,-0.5491,0.5314,-0.8428,0.0841,0.0129
857,0.0,0.0,0.0,0.0,0.0,0.0,-0.0697,-0.8556,-0.5421,0.5323,-0.8423,0.0841,0.0148
858,0.0,0.0,0.0,0.0,0.0,0.0,-0.0619,-0.8420,-0.5458,0.5325,-0.8422,0.0829,0.0175
859,0.0,0.0,0.0,0.0,0.0,0.0,-0.0732,-0.8371,-0.5446,0.5327,-0.8422,0.0814,0.0196
860,0.0,0.0,0.0,0.0,0.0,0.0,-0.0917,-0.8512,-0.5414,0.5332,-0.8418,0.0808,0.0215
861,0.0,0.0,0.0,0.0,0.0,0.0,-0.1063,-0.8624,-0.5313,0.5344,-0.8409,0.0822,0.0213
862,0.0,0.0,0.0,0.0,0.0,0.0,-0.0956,-0.8537,-0.5317,0.5363,-0.8395,0.0843,0.0205
863,0.0,0.0,0.0,0.0,0.0,0.0,-0.0790,-0.8594,-0.5445,0.5363,-0.8395,0.0847,0.0211
864,0.0,0.0,0.0,0.0,0.0,0.0,-0.0800,-0.8653,-0.5354,0.5362,-0.8396,0.0844,0.0215
865,0.0,0.0,0.0,0.0,0.0,0.0,-0.0838,-0.8638,-0.5465,0.5358,-0.8399,0.0839,0.0218
866,0.0,0.0,0.0,0.0,0.0,0.0,-0.0794,-0.8706,-0.5462,0.5351,-0.8404,0.0827,0.0233
867,0.0,0.0,0.0,0.0,0.0,0.0,-0.0907,-0.8595,-0.5279,0.5366,-0.8395,0.0827,0.0240
868,0.0,0.0,0.0,0.0,0.0,0.0,-0.0966,-0.8512,-0.5355,0.5379,-0.8386,0.0831,0.0243
869,0.0,0.0,0.0,0.0,0.0,0.0,-0.1039,-0.8794,-0.5277,0.5383,-0.8383,0.0831,0.0256
870,0.0,0.0,0.0,0.0,0.0,0.0,-0.1180,-0.8974,-0.5226,0.5397,-0.8372,0.0836,0.0276
871,0.0,0.0,0.0,0.0,0.0,0.0,-0.1165,-0.8982,-0.5450,0.5404,-0.8367,0.0829,0.0327
872,0.0,0.0,0.0,0.0,0.0,0.0,-0.1449,-0.8995,-0.4845,0.5435,-0.8345,0.0835,0.0364
873,0.0,0.0,0.0,0.0,0.0,0.0,-0.1766,-0.9091,-0.4909,0.5482,-0.8311,0.0860,0.0378
874,0.0,0.0,0.0,0.0,0.0,0.0,-0.1375,-0.8856,-0.5330,0.5521,-0.8282,0.0874,0.0404
875,0.0,0.0,0.0,0.0,0.0,0.0,-0.1224,-0.8895,-0.5399,0.5561,-0.8254,0.0887,0.0403
876,0.0,0.0,0.0,0.0,0.0,0.0,-0.1678,-0.9124,-0.5124,0.5610,-0.8218,0.0915,0.0390
877,0.0,0.0,0.0,0.0,0.0,0.0,-0.1903,-0.9364,-0.4674,0.5658,-0.8181,0.0951,0.0390
878,0.0,0.0,0.0,0.0,0.0,0.0,-0.1967,-0.9408,-0.4587,0.5711,-0.8138,0.0997,0.0409
879,0.0,0.0,0.0,0.0,0.0,0.0,-0.1751,-0.9793,-0.4527,0.5767,-0.8093,0.1023,0.0454
880,0.0,0.0,0.0,0.0,0.0,0.0,-0.1875,-0.9450,-0.4185,0.5827,-0.8043,0.1065,0.0478
881,0.0,0.0,0.0,0.0,0.0,0.0,-0.1830,-0.9590,-0.4309,0.5884,-0.7993,0.1115,0.0503
882,0.0,0.0,0.0,0.0,0.0,0.0,-0.1527,-0.9281,-0.4928,0.5900,-0.7974,0.1146,0.0542
883,0.0,0.0,0.0,0.0,0.0,0.0,-0.1299,-0.8763,-0.4716,0.5892,-0.7976,0.1150,0.0589
884,0.0,0.0,0.0,0.0,0.0,0.0,-0.1519,-0.8852,-0.4473,0.5884,-0.7978,0.1155,0.0624
885,0.0,0.0,0.0,0.0,0.0,0.0,-0.1598,-0.8518,-0.4136,0.5894,-0.7965,0.1189,0.0637
886,0.0,0.0,0.0,0.0,0.0,0.0,-0.1788,-0.8834,-0.4116,0.5910,-0.7944,0.1235,0.0656
887,0.0,0.0,0.0,0.0,0.0,0.0,-0.2105,-0.9224,-0.3795,0.5949,-0.7905,0.1290,0.0669
888,0.0,0.0,0.0,0.0,0.0,0.0,-0.1636,-0.8940,-0.4274,0.5972,-0.7880,0.1318,0.0710
889,0.0,0.0,0.0,0.0,0.0,0.0,-0.1526,-0.8239,-0.3820,0.5993,-0.7860,0.1325,0.0740
890,0.0,0.0,0.0,0.0,0.0,0.0,-0.1560,-0.8345,-0.3919,0.5990,-0.7862,0.1298,0.0794
891,0.0,0.0,0.0,0.0,0.0,0.0,-0.1482,-0.8350,-0.3959,0.5976,-0.7874,0.1248,0.0852
892,0.0,0.0,0.0,0.0,0.0,0.0,-0.1667,-0.8204,-0.3970,0.5968,-0.7880,0.1206,0.0911
893,0.0,0.0,0.0,0.0,0.0,0.0,-0.1726,-0.7998,-0.4218,0.5929,-0.7908,0.1149,0.0992
894,0.0,0.0,0.0,0.0,0.0,0.0,-0.1596,-0.7304,-0.4197,0.5880,-0.7950,0.1091,0.1022
895,0.0,0.0,0.0,0.0,0.0,0.0,-0.1844,-0.7180,-0.4631,0.5807,-0.8011,0.0999,0.1054
896,0.0,0.0,0.0,0.0,0.0,0.0,-0.2133,-0.9317,-0.4419,0.5739,-0.8066,0.0861,0.1124
897,0.0,0.0,0.0,0.0,0.0,0.0,-0.2905,-1.0298,-0.3348,0.5745,-0.8071,0.0821,0.1088
898,0.0,0.0,0.0,0.0,0.0,0.0,-0.3608,-1.0550,-0.3198,0.5781,-0.8051,0.0866,0.1008
899,0.0,0.0,0.0,0.0,0.0,0.0,-0.3256,-1.0194,-0.3568,0.5824,-0.8017,0.0933,0.0969
900,0.0,0.0,0.0,0.0,0.0,0.0,-0.2836,-0.9623,-0.4202,0.5873,-0.7977,0.1035,0.0895
901,0.0,0.0,0.0,0.0,0.0,0.0,-0.2813,-0.9056,-0.3998,0.5920,-0.7936,0.1154,0.0802
902,0.0,0.0,0.0,0.0,0.0,0.0,-0.2154,-0.9360,-0.3754,0.5967,-0.7894,0.1211,0.0785
903,0.0,0.0,0.0,0.0,0.0,0.0,-0.2025,-1.0389,-0.3821,0.6040,-0.7830,0.1263,0.0779
904,0.0,0.0,0.0,0.0,0.0,0.0,-0.2939,-1.0543,-0.2982,0.6175,-0.7712,0.1376,0.0705
905,0.0,0.0,0.0,0.0,0.0,0.0,-0.2813,-1.0155,-0.2864,0.6313,-0.7592,0.1441,0.0659
906,0.0,0.0,0.0,0.0,0.0,0.0,-0.2356,-0.9536,-0.2584,0.6452,-0.7472,0.1470,0.0614
907,0.0,0.0,0.0,0.0,0.0,0.0,-0.2087,-0.8305,-0.3925,0.6457,-0.7463,0.1508,0.0584
908,0.0,0.0,0.0,0.0,0.0,0.0,-0.1791,-0.7440,-0.4184,0.6356,-0.7546,0.1513,0.0617
909,0.0,0.0,0.0,0.0,0.0,0.0,-0.1983,-0.7198,-0.3255,0.6282,-0.7607,0.1511,0.0632
910,0.0,0.0,0.0,0.0,0.0,0.0,-0.2104,-0.7818,-0.3362,0.6202,-0.7669,0.1517,0.0647
911,0.0,0.0,0.0,0.0,0.0,0.0,-0.1927,-0.8688,-0.3364,0.6145,-0.7711,0.1548,0.0628
912,0.0,0.0,0.0,0.0,0.0,0.0,-0.2150,-0.9255,-0.3446,0.6115,-0.7729,0.1590,0.0582
913,0.0,0.0,0.0,0.0,0.0,0.0,-0.2248,-0.8730,-0.3475,0.6103,-0.7734,0.1630,0.0524
914,0.0,0.0,0.0,0.0,0.0,0.0,-0.2147,-0.8073,-0.3799,0.6063,-0.7761,0.1668,0.0470
915,0.0,0.0,0.0,0.0,0.0,0.0,-0.2547,-0.8360,-0.3549,0.6012,-0.7804,0.1658,0.0452
916,0.0,0.0,0.0,0.0,0.0,0.0,-0.2476,-0.9066,-0.3985,0.5944,-0.7869,0.1593,0.0464
917,0.0,0.0,0.0,0.0,0.0,0.0,-0.2047,-0.8845,-0.3877,0.5880,-0.7931,0.1520,0.0463
918,0.0,0.0,0.0,0.0,0.0,0.0,-0.1862,-0.8967,-0.3763,0.5838,-0.7976,0.1458,0.0426
919,0.0,0.0,0.0,0.0,0.0,0.0,-0.2168,-0.9460,-0.3994,0.5797,-0.8011,0.1439,0.0395
920,0.0,0.0,0.0,0.0,0.0,0.0,-0.2017,-0.9378,-0.3969,0.5771,-0.8028,0.1454,0.0350
921,0.0,0.0,0.0,0.0,0.0,0.0,-0.2256,-0.9280,-0.4029,0.5753,-0.8037,0.1484,0.0319
922,0.0,0.0,0.0,0.0,0.0,0.0,-0.1967,-0.9604,-0.4338,0.5737,-0.8049,0.1486,0.0301
923,0.0,0.0,0.0,0.0,0.0,0.0,-0.1830,-0.9425,-0.4335,0.5710,-0.8074,0.1452,0.0302
924,0.0,0.0,0.0,0.0,0.0,0.0,-0.1967,-0.9196,-0.4340,0.5687,-0.8094,0.1439,0.0285
925,0.0,0.0,0.0,0.0,0.0,0.0,-0.1489,-0.9197,-0.4299,0.5662,-0.8112,0.1436,0.0273
926,0.0,0.0,0.0,0.0,0.0,0.0,-0.1884,-0.9156,-0.4525,0.5647,-0.8121,0.1448,0.0247
927,0.0,0.0,0.0,0.0,0.0,0.0,-0.1655,-0.9254,-0.4513,0.5641,-0.8122,0.1469,0.0240
928,0.0,0.0,0.0,0.0,0.0,0.0,-0.1718,-0.9161,-0.4667,0.5636,-0.8118,0.1513,0.0215
929,0.0,0.0,0.0,0.0,0.0,0.0,-0.1620,-0.9122,-0.4662,0.5636,-0.8110,0.1557,0.0196
930,0.0,0.0,0.0,0.0,0.0,0.0,-0.1450,-0.9020,-0.4690,0.5632,-0.8107,0.1585,0.0191
931,0.0,0.0,0.0,0.0,0.0,0.0,-0.1758,-0.8909,-0.4555,0.5626,-0.8106,0.1618,0.0163
932,0.0,0.0,0.0,0.0,0.0,0.0,-0.1620,-0.8996,-0.4708,0.5620,-0.8106,0.1641,0.0149
933,0.0,0.0,0.0,0.0,0.0,0.0,-0.1717,-0.9194,-0.4828,0.5613,-0.8104,0.1672,0.0147
934,0.0,0.0,0.0,0.0,0.0,0.0,-0.1757,-0.9052,-0.4884,0.5601,-0.8104,0.1711,0.0149
935,0.0,0.0,0.0,0.0,0.0,0.0,-0.2193,-0.8734,-0.4467,0.5609,-0.8086,0.1767,0.0138
936,0.0,0.0,0.0,0.0,0.0,0.0,-0.1773,-0.8335,-0.4749,0.5624,-0.8066,0.1815,0.0123
937,0.0,0.0,0.0,0.0,0.0,0.0,-0.1954,-0.8175,-0.4687,0.5624,-0.8056,0.1860,0.0107
938,0.0,0.0,0.0,0.0,0.0,0.0,-0.2174,-0.8198,-0.4696,0.5618,-0.8049,0.1910,0.0086
939,0.0,0.0,0.0,0.0,0.0,0.0,-0.2408,-0.8237,-0.4652,0.5621,-0.8034,0.1961,0.0052
940,0.0,0.0,0.0,0.0,0.0,0.0,-0.2164,-0.8266,-0.4804,0.5637,-0.8014,0.2000,0.0005
941,0.0,0.0,0.0,0.0,0.0,0.0,-0.1900,-0.8193,-0.4838,0.5645,-0.7998,0.2038,-0.0041
942,0.0,0.0,0.0,0.0,0.0,0.0,-0.1597,-0.8314,-0.5032,0.5624,-0.8004,0.2073,-0.0082
943,0.0,0.0,0.0,0.0,0.0,0.0,-0.1738,-0.8396,-0.5096,0.5581,-0.8026,0.2104,-0.0123
944,0.0,0.0,0.0,0.0,0.0,0.0,-0.1665,-0.8231,-0.5108,0.5540,-0.8047,0.2130,-0.0168
945,0.0,0.0,0.0,0.0,0.0,0.0,-0.1450,-0.8216,-0.5284,0.5501,-0.8072,0.2131,-0.0208
946,0.0,0.0,0.0,0.0,0.0,0.0,-0.1689,-0.8143,-0.5189,0.5467,-0.8094,0.2131,-0.0240
947,0.0,0.0,0.0,0.0,0.0,0.0,-0.1913,-0.8720,-0.5261,0.5426,-0.8126,0.2114,-0.0247
948,0.0,0.0,0.0,0.0,0.0,0.0,-0.1995,-0.9128,-0.5098,0.5394,-0.8152,0.2093,-0.0256
949,0.0,0.0,0.0,0.0,0.0,0.0,-0.2113,-0.9060,-0.5071,0.5387,-0.8162,0.2069,-0.0271
950,0.0,0.0,0.0,0.0,0.0,0.0,-0.1965,-0.9253,-0.5319,0.5390,-0.8171,0.2027,-0.0274
951,0.0,0.0,0.0,0.0,0.0,0.0,-0.1858,-0.9152,-0.5249,0.5398,-0.8177,0.1984,-0.0266
952,0.0,0.0,0.0,0.0,0.0,0.0,-0.1487,-0.9041,-0.5259,0.5406,-0.8189,0.1914,-0.0220
953,0.0,0.0,0.0,0.0,0.0,0.0,-0.1230,-0.8713,-0.5056,0.5419,-0.8201,0.1829,-0.0193
954,0.0,0.0,0.0,0.0,0.0,0.0,-0.1445,-0.8767,-0.4880,0.5439,-0.8202,0.1764,-0.0182
955,0.0,0.0,0.0,0.0,0.0,0.0,-0.1200,-0.9087,-0.4902,0.5471,-0.8194,0.1704,-0.0168
956,0.0,0.0,0.0,0.0,0.0,0.0,-0.1000,-0.9059,-0.4791,0.5507,-0.8182,0.1645,-0.0140
957,0.0,0.0,0.0,0.0,0.0,0.0,-0.0663,-0.9181,-0.4839,0.5531,-0.8182,0.1565,-0.0089
958,0.0,0.0,0.0,0.0,0.0,0.0,-0.0932,-0.9434,-0.4608,0.5556,-0.8179,0.1492,-0.0049
959,0.0,0.0,0.0,0.0,0.0,0.0,-0.1152,-0.9197,-0.4437,0.5591,-0.8167,0.1430,-0.0013
960,0.0,0.0,0.0,0.0,0.0,0.0,-0.1054,-0.9123,-0.4699,0.5608,-0.8166,0.1366,0.0032
961,0.0,0.0,0.0,0.0,0.0,0.0,-0.1093,-0.9195,-0.4783,0.5620,-0.8167,0.1310,0.0079
962,0.0,0.0,0.0,0.0,0.0,0.0,-0.1030,-0.8997,-0.4634,0.5630,-0.8166,0.1261,0.0137
963,0.0,0.0,0.0,0.0,0.0,0.0,-0.0629,-0.9046,-0.4739,0.5634,-0.8171,0.1208,0.0185
964,0.0,0.0,0.0,0.0,0.0,0.0,-0.0898,-0.8944,-0.4629,0.5652,-0.8160,0.1193,0.0192
965,0.0,0.0,0.0,0.0,0.0,0.0,-0.0830,-0.8919,-0.4741,0.5661,-0.8157,0.1176,0.0205
966,0.0,0.0,0.0,0.0,0.0,0.0,-0.0693,-0.9090,-0.4633,0.5665,-0.8157,0.1151,0.0215
967,0.0,0.0,0.0,0.0,0.0,0.0,-0.0986,-0.8822,-0.4641,0.5680,-0.8147,0.1154,0.0205
968,0.0,0.0,0.0,0.0,0.0,0.0,-0.1187,-0.8590,-0.4538,0.5683,-0.8143,0.1165,0.0195
969,0.0,0.0,0.0,0.0,0.0,0.0,-0.0938,-0.8779,-0.4621,0.5682,-0.8144,0.1164,0.0196
970,0.0,0.0,0.0,0.0,0.0,0.0,-0.0874,-0.8841,-0.4715,0.5683,-0.8143,0.1164,0.0194
971,0.0,0.0,0.0,0.0,0.0,0.0,-0.1084,-0.8782,-0.4776,0.5683,-0.8142,0.1168,0.0195
972,0.0,0.0,0.0,0.0,0.0,0.0,-0.1069,-0.8918,-0.4836,0.5677,-0.8147,0.1167,0.0209
973,0.0,0.0,0.0,0.0,0.0,0.0,-0.1118,-0.8865,-0.4801,0.5671,-0.8150,0.1173,0.0208
974,0.0,0.0,0.0,0.0,0.0,0.0,-0.1279,-0.8802,-0.4731,0.5659,-0.8157,0.1180,0.0210
975,0.0,0.0,0.0,0.0,0.0,0.0,-0.1059,-0.8875,-0.4792,0.5643,-0.8169,0.1172,0.0222
976,0.0,0.0,0.0,0.0,0.0,0.0,-0.1205,-0.9054,-0.4862,0.5630,-0.8179,0.1166,0.0219
977,0.0,0.0,0.0,0.0,0.0,0.0,-0.1435,-0.8928,-0.4752,0.5626,-0.8181,0.1173,0.0214
978,0.0,0.0,0.0,0.0,0.0,0.0,-0.1230,-0.8815,-0.4892,0.5614,-0.8190,0.1166,0.0224
979,0.0,0.0,0.0,0.0,0.0,0.0,-0.1362,-0.8830,-0.4843,0.5609,-0.8193,0.1167,0.0226
980,0.0,0.0,0.0,0.0,0.0,0.0,-0.1524,-0.8651,-0.4674,0.5613,-0.8188,0.1183,0.0219
981,0.0,0.0,0.0,0.0,0.0,0.0,-0.1298,-0.8772,-0.4857,0.5611,-0.8189,0.1187,0.0224
982,0.0,0.0,0.0,0.0,0.0,0.0,-0.1200,-0.8859,-0.4971,0.5604,-0.8195,0.1180,0.0236
983,0.0,0.0,0.0,0.0,0.0,0.0,-0.1322,-0.8922,-0.4942,0.5591,-0.8205,0.1168,0.0248
984,0.0,0.0,0.0,0.0,0.0,0.0,-0.1327,-0.8834,-0.4931,0.5577,-0.8216,0.1152,0.0267
985,0.0,0.0,0.0,0.0,0.0,0.0,-0.1499,-0.8675,-0.4839,0.5564,-0.8225,0.1142,0.0286
986,0.0,0.0,0.0,0.0,0.0,0.0,-0.1597,-0.8597,-0.4808,0.5554,-0.8233,0.1136,0.0301
987,0.0,0.0,0.0,0.0,0.0,0.0,-0.1704,-0.8514,-0.4767,0.5548,-0.8236,0.1139,0.0305
988,0.0,0.0,0.0,0.0,0.0,0.0,-0.1674,-0.8703,-0.4956,0.5534,-0.8245,0.1142,0.0317
989,0.0,0.0,0.0,0.0,0.0,0.0,-0.1532,-0.8858,-0.5076,0.5518,-0.8256,0.1130,0.0337
990,0.0,0.0,0.0,0.0,0.0,0.0,-0.1684,-0.8785,-0.4962,0.5503,-0.8267,0.1113,0.0363
991,0.0,0.0,0.0,0.0,0.0,0.0,-0.1850,-0.8708,-0.4828,0.5486,-0.8279,0.1096,0.0396
992,0.0,0.0,0.0,0.0,0.0,0.0,-0.2260,-0.9019,-0.4584,0.5476,-0.8285,0.1091,0.0423
993,0.0,0.0,0.0,0.0,0.0,0.0,-0.2211,-0.8975,-0.4680,0.5483,-0.8278,0.1096,0.0456
994,0.0,0.0,0.0,0.0,0.0,0.0,-0.1405,-0.8814,-0.5066,0.5485,-0.8276,0.1078,0.0500
995,0.0,0.0,0.0,0.0,0.0,0.0,-0.1030,-0.8455,-0.5218,0.5475,-0.8285,0.1039,0.0545
996,0.0,0.0,0.0,0.0,0.0,0.0,-0.0977,-0.8183,-0.5213,0.5457,-0.8301,0.1007,0.0554
997,0.0,0.0,0.0,0.0,0.0,0.0,-0.1122,-0.8308,-0.5370,0.5426,-0.8325,0.0966,0.0564
998,0.0,0.0,0.0,0.0,0.0,0.0,-0.1240,-0.8415,-0.5255,0.5403,-0.8343,0.0943,0.0560
999,0.0,0.0,0.0,0.0,0.0,0.0,-0.1273,-0.8433,-0.5464,0.5389,-0.8353,0.0941,0.0544
1000,0.0,0.0,0.0,0.0,0.0,0.0,-0.1302,-0.8472,-0.5528,0.5378,-0.8361,0.0943,0.0534
1001,0.0,0.0,0.0,0.0,0.0,0.0,-0.1532,-0.8481,-0.5575,0.5364,-0.8369,0.0953,0.0525
1002,0.0,0.0,0.0,0.0,0.0,0.0,-0.1649,-0.8578,-0.5503,0.5355,-0.8375,0.0961,0.0509
1003,0.0,0.0,0.0,0.0,0.0,0.0,-0.1810,-0.8457,-0.5442,0.5353,-0.8377,0.0967,0.0488
1004,0.0,0.0,0.0,0.0,0.0,0.0,-0.1619,-0.8669,-0.5733,0.5335,-0.8389,0.0949,0.0501
1005,0.0,0.0,0.0,0.0,0.0,0.0,-0.1521,-0.8878,-0.5723,0.5330,-0.8394,0.0931,0.0508
1006,0.0,0.0,0.0,0.0,0.0,0.0,-0.1903,-0.8427,-0.5436,0.5335,-0.8391,0.0930,0.0515
1007,0.0,0.0,0.0,0.0,0.0,0.0,-0.1752,-0.8302,-0.5332,0.5336,-0.8389,0.0928,0.0532
1008,0.0,0.0,0.0,0.0,0.0,0.0,-0.1425,-0.8385,-0.5438,0.5340,-0.8387,0.0925,0.0540
1009,0.0,0.0,0.0,0.0,0.0,0.0,-0.1400,-0.8525,-0.5426,0.5340,-0.8387,0.0918,0.0548
1010,0.0,0.0,0.0,0.0,0.0,0.0,-0.1342,-0.8374,-0.5530,0.5341,-0.8387,0.0910,0.0552
1011,0.0,0.0,0.0,0.0,0.0,0.0,-0.1273,-0.8345,-0.5603,0.5328,-0.8397,0.0892,0.0553
1012,0.0,0.0,0.0,0.0,0.0,0.0,-0.1444,-0.8433,-0.5414,0.5319,-0.8405,0.0882,0.0541
1013,0.0,0.0,0.0,0.0,0.0,0.0,-0.1513,-0.8384,-0.5462,0.5310,-0.8411,0.0879,0.0539
1014,0.0,0.0,0.0,0.0,0.0,0.0,-0.1615,-0.8321,-0.5406,0.5304,-0.8414,0.0886,0.0543
1015,0.0,0.0,0.0,0.0,0.0,0.0,-0.1537,-0.8409,-0.5408,0.5297,-0.8417,0.0894,0.0541
1016,0.0,0.0,0.0,0.0,0.0,0.0,-0.1425,-0.8491,-0.5430,0.5293,-0.8420,0.0892,0.0540
1017,0.0,0.0,0.0,0.0,0.0,0.0,-0.1547,-0.8618,-0.5397,0.5288,-0.8424,0.0888,0.0535
1018,0.0,0.0,0.0,0.0,0.0,0.0,-0.1595,-0.8666,-0.5388,0.5281,-0.8429,0.0881,0.0535
1019,0.0,0.0,0.0,0.0,0.0,0.0,-0.1781,-0.8841,-0.5293,0.5278,-0.8431,0.0882,0.0535
1020,0.0,0.0,0.0,0.0,0.0,0.0,-0.1707,-0.8793,-0.5302,0.5286,-0.8425,0.0889,0.0539
1021,0.0,0.0,0.0,0.0,0.0,0.0,-0.1639,-0.8725,-0.5355,0.5291,-0.8420,0.0900,0.0536
1022,0.0,0.0,0.0,0.0,0.0,0.0,-0.1771,-0.8628,-0.5299,0.5303,-0.8412,0.0922,0.0521
1023,0.0,0.0,0.0,0.0,0.0,0.0,-0.1639,-0.8637,-0.5446,0.5302,-0.8412,0.0933,0.0513
1024,0.0,0.0,0.0,0.0,0.0,0.0,-0.1654,-0.8753,-0.5414,0.5313,-0.8404,0.0940,0.0505
1025,0.0,0.0,0.0,0.0,0.0,0.0,-0.1791,-0.8482,-0.5277,0.5323,-0.8398,0.0950,0.0491
1026,0.0,0.0,0.0,0.0,0.0,0.0,-0.1533,-0.8288,-0.5241,0.5324,-0.8398,0.0950,0.0474
1027,0.0,0.0,0.0,0.0,0.0,0.0,-0.1401,-0.8332,-0.5364,0.5329,-0.8396,0.0948,0.0454
1028,0.0,0.0,0.0,0.0,0.0,0.0,-0.1405,-0.8653,-0.5243,0.5338,-0.8391,0.0947,0.0438
1029,0.0,0.0,0.0,0.0,0.0,0.0,-0.1386,-0.8400,-0.5317,0.5340,-0.8389,0.0958,0.0427
1030,0.0,0.0,0.0,0.0,0.0,0.0,-0.1367,-0.8240,-0.5202,0.5342,-0.8387,0.0965,0.0422
1031,0.0,0.0,0.0,0.0,0.0,0.0,-0.1079,-0.8159,-0.5188,0.5345,-0.8386,0.0966,0.0411
1032,0.0,0.0,0.0,0.0,0.0,0.0,-0.1079,-0.8177,-0.5373,0.5331,-0.8396,0.0960,0.0404
1033,0.0,0.0,0.0,0.0,0.0,0.0,-0.1401,-0.8424,-0.5361,0.5311,-0.8409,0.0955,0.0403
1034,0.0,0.0,0.0,0.0,0.0,0.0,-0.1263,-0.8525,-0.5524,0.5297,-0.8419,0.0947,0.0404
1035,0.0,0.0,0.0,0.0,0.0,0.0,-0.1215,-0.8535,-0.5490,0.5282,-0.8430,0.0934,0.0408
1036,0.0,0.0,0.0,0.0,0.0,0.0,-0.1293,-0.8453,-0.5474,0.5266,-0.8441,0.0924,0.0405
1037,0.0,0.0,0.0,0.0,0.0,0.0,-0.1444,-0.8544,-0.5543,0.5254,-0.8449,0.0917,0.0406
1038,0.0,0.0,0.0,0.0,0.0,0.0,-0.1468,-0.8646,-0.5569,0.5244,-0.8456,0.0905,0.0418
1039,0.0,0.0,0.0,0.0,0.0,0.0,-0.1283,-0.8506,-0.5528,0.5241,-0.8459,0.0892,0.0429
1040,0.0,0.0,0.0,0.0,0.0,0.0,-0.1219,-0.8379,-0.5653,0.5236,-0.8463,0.0876,0.0434
